câu đối	distich	0	0	0
cầu nổi	pontoon	0	0	0
cây thúy cúc	aster	0	0	0
chai rượu lớn chừng hai lít	magnum	0	0	0
chàm	eczematous	0	0	0
châm ngôn	gnomic	0	0	0
chậm rải	andante	0	0	0
chăm sóc chân	pedicure	0	0	0
chẩn bịnh	auscultate	0	0	0
chẩn mạch	palpate	0	0	0
chấn tâm	epicenter	0	0	0
chánh thức	putative	0	0	0
chánh trị thần quyền	theocracy	0	0	0
chất bạc	argent	0	0	0
chất cặn	residue	0	0	0
chất đản bạch	peptone	0	0	0
chất gây dị ứng	allergen	0	0	0
chất hóa học	phosphor	0	0	0
chất hóa học	vitriol	0	0	0
chất khai quang	defoliant	0	0	0
chất làm mềm	emollient	0	0	0
chất nôn	vomitus	0	0	0
chất pha loảng	diluent	0	0	0
chất sừng	keratin	0	0	0
chất tẩy rửa	detergent	0	0	0
chất xúc tác	catalyst	0	0	0
Châu Âu	Europe	0	0	0
chậu rửa mặt	lavatory	0	0	0
cháy	ardent	0	0	0
chảy ra	exude	0	0	0
che	cover	0	0	0
chê	reprobate	0	0	0
chê bai	decry	0	0	0
chế độ chỉ có một chồng thôi	monandry	0	0	0
chế độ nội hôn	endogamy	0	0	0
chế nhạo	epigrammatic	0	0	0
chỉ bịnh sốt rét năm ngày một cơn	quintan	0	0	0
chí điểm	solstice	0	0	0
chỉ người bốn mươi hay ngoài bốn mươi tuổi	quadragenarian	0	0	0
chỉ rỏ	denotation	0	0	0
chỉ số gấp rưởi số khác	sesquialteral	0	0	0
chỉ số năm	quinary	0	0	0
chi tiểu hồi hương	Foeniculum	0	0	0
chỉ trích	censure	0	0	0
chia bốn được	quaternary	0	0	0
chiếu cố	condescend	0	0	0
chim rẽ nước	phalarope	0	0	0
chim tước	passerine	0	0	0
chim ưng	falcon	0	0	0
chỉnh hình	orthopedic	0	0	0
chinh phục	subjugate	0	0	0
chỉnh răng	orthodontics	0	0	0
chịu khổ hạnh	crucify	0	0	0
chịu phần	redound	0	0	0
chịu trách nhiệm	amenable	0	0	0
chổ chia hai	bifurcation	0	0	0
cho con bú	lactation	0	0	0
cho đã thèm	sate	0	0	0
chổ lộn xộn	pandemonium	0	0	0
chổ mòn vì cọ xát	detrition	0	0	0
chổ ngắt hơi	caesura	0	0	0
chổ phỏng	scald	0	0	0
chổ rách	laceration	0	0	0
chổ rất cao	apogee	0	0	0
chổ trốn	coverture	0	0	0
chọc ối	amniocentesis	0	0	0
chọn món ăn	gastronomic	0	0	0
chống chỉ định	contraindicate	0	0	0
chống loạn nhịp	antiarrhythmic	0	0	0
chốt để chận	detent	0	0	0
chữ dùng để chỉ phải nối liền	legato	0	0	0
chữ hoa	majuscule	0	0	0
chữ kết lại thành một âm	digraph	0	0	0
chủ nghỉa phát xít	fascism	0	0	0
chúa Ophiophagus	Ophiophagus	0	0	0
chức chấp chánh tam đầu chế	triumvirate	0	0	0
chức ngồi không ăn lương	sinecure	0	0	0
chức tổng giám mục	archdiocese	0	0	0
chức vụ	regency	0	0	0
chứng bịnh kiết lỵ	dysentery	0	0	0
chưng cất	distillation	0	0	0
chứng dể xuất huyết	hemophilia	0	0	0
chứng điên hay đốt nhà	pyromania	0	0	0
chứng động kinh	convulsion	0	0	0
chứng hay quên	amnesia	0	0	0
chứng khó tiêu	dyspepsia	0	0	0
chứng màng nhĩ	tympanum	0	0	0
chứng ngạnh kết	sclerosis	0	0	0
chứng ngủ rũ	narcolepsy	0	0	0
chứng phong thấp	rheumatism	0	0	0
chung quanh lá cuống	pinnate	0	0	0
chủng sinh	seminarian	0	0	0
chứng sưng thận	nephritis	0	0	0
chứng tỏ	evince	0	0	0
chứng từ	voucher	0	0	0
chủng viện	seminary	0	0	0
chứng xưng mắt	ophthalmia	0	0	0
chuộc tội	expiate	0	0	0
chưởi	inveigh	0	0	0
chưởi rủa	vituperate	0	0	0
chưởi rủa	revile	0	0	0
chướng	distension	0	0	0
Chụp cắt lớp	tomography	0	0	0
chuyện hoang đường	fable	0	0	0
chuyển thành con nhộng	pupate	0	0	0
chuyên trị bệnh tật của người già	geriatrics	0	0	0
cớ	plea	0	0	0
cổ áo	collar	0	0	0
có bốn chân	quadruped	0	0	0
cơ bucinator	bucinator muscle	0	0	0
có bùn	turbid	0	0	0
cơ cạnh không đều	scalene muscles	0	0	0
cổ chân	tarsal	0	0	0
có cơn	remittent	0	0	0
có đầu dài	dolichocephalic	0	0	0
có điềm xấu	portentous	0	0	0
có điều nhiệt	thermostatic	0	0	0
có độc	nocuous	0	0	0
cô độc	solitary	0	0	0
cô đơn	desolate	0	0	0
co đồng tử	miosis	0	0	0
cơ gấp	flexor	0	0	0
có hại	noxious	0	0	0
có hai đầu nhọn	bicuspid	0	0	0
có hàm chất than	Carboniferous	0	0	0
có hạn	finite	0	0	0
có hiệu lực	effective	0	0	0
có hiệu lực	effectual	0	0	0
có hiệu lực	valid	0	0	0
có hình bình hành	rhomboid	0	0	0
có hình củ hành	bulbous	0	0	0
có hình giống mỏ chim	rostral	0	0	0
có hình khối	cuboid	0	0	0
có hình nón	conic	0	0	0
có hình tam giác	deltoid	0	0	0
cơ hoành	diaphragm	0	0	0
cơ học	mechanics	0	0	0
có hột giống	seminiferous	0	0	0
có khả năng	capable	0	0	0
co lại	astringent	0	0	0
có lổi	peccant	0	0	0
có lông cứng	setose	0	0	0
có lửa	igneous	0	0	0
có mào	cristate	0	0	0
có mồ hôi	sudoriferous	0	0	0
có móng	ungulate	0	0	0
có mùi thơm	odoriferous	0	0	0
có mùi vị hôi	rancid	0	0	0
có nhiều	exuberate	0	0	0
có nhiều	abound	0	0	0
có nhiều mưa	pluvial	0	0	0
có nhiều nhánh	ramose	0	0	0
có nhiều thứ tiếng	polyglot	0	0	0
có những lổ nhỏ	cribble	0	0	0
có nước	aqueous	0	0	0
cơ piriformis	piriformis muscle	0	0	0
cơ quan lập pháp	legislature	0	0	0
cơ quan sinh dục	genital	0	0	0
cơ rôm	chrome	0	0	0
cơ rôm	chromium	0	0	0
cổ sinh thái học	paleoecology	0	0	0
cổ sinh vật học	paleontology	0	0	0
cơ sở hạ tầng	infrastructure	0	0	0
cơ số là chín	nonary	0	0	0
có tài hùng biện	eloquent	0	0	0
cơ tam đầu	triceps	0	0	0
có tầm nhìn xa	visionary	0	0	0
có thai	gestation	0	0	0
có thể bỏ xót	omissible	0	0	0
có thể chấp nhận	permissible	0	0	0
có thể cử động dể dàng	motile	0	0	0
có thể gảy	frangible	0	0	0
có thể hình thoi	rhombic	0	0	0
có thể hủy bỏ	revocable	0	0	0
có thế lực	ascendency	0	0	0
có thể nghe được	audible	0	0	0
có thể nhìn thấy	visible	0	0	0
có thể tha thứ	remissible	0	0	0
có thể uống	potable	0	0	0
có tiếp nhận	obtainment	0	0	0
cơ tim	myocardium	0	0	0
có tính chất mỡ	sebaceous	0	0	0
có tội	culpable	0	0	0
cổ từ	paleomagnetism	0	0	0
cổ tự	epigraphic	0	0	0
cổ tử cung	cervix	0	0	0
cổ tử cung	cervical	0	0	0
có ưu thế	dominant	0	0	0
cố vấn	advisor	0	0	0
có vấn đề	problematic	0	0	0
có vẻ long trọng	grandiosity	0	0	0
có vẻ như nhà mô phạm	pedantic	0	0	0
cơ vòng khoang	sphincter	0	0	0
cọ xát	abrade	0	0	0
có xu hướng	tend	0	0	0
cổ xưa	antiquity	0	0	0
có ý định	intend	0	0	0
có ý nghĩa	significant	0	0	0
có ý thức	conscious	0	0	0
cởi quần áo	divest	0	0	0
con bạch tuột	Argonaut	0	0	0
con buôn	mercantile	0	0	0
con cháu	progeny	0	0	0
con cháu	posterity	0	0	0
còn nguyên	intact	0	0	0
con nhộng	chrysalis	0	0	0
con nhộng	pupa	0	0	0
con rắn	serpent	0	0	0
con rết	centipede	0	0	0
con rối	puppet	0	0	0
con sâu con	larva	0	0	0
còn sót lại	extant	0	0	0
con tê giác	rhinoceros	0	0	0
con trỏ	cursor	0	0	0
côn trùng	entomology	0	0	0
công bằng	equal	0	0	0
công bằng	equity	0	0	0
công bình	impartial	0	0	0
công bố	proclamation	0	0	0
công bố	publication	0	0	0
công chức	servant	0	0	0
công chứng viên	notary	0	0	0
công dân	civic	0	0	0
cống hiến	devote	0	0	0
cộng hưởng	resonance	0	0	0
cộng hưởng	resonant	0	0	0
cộng hưởng	resonate	0	0	0
cồng kềnh	voluminous	0	0	0
công khai	overt	0	0	0
công kích	impugn	0	0	0
Công nghệ	technology	0	0	0
công nhận	concede	0	0	0
công nhận	accreditation	0	0	0
cống nước	aqueduct	0	0	0
còng tay	manacle	0	0	0
cổng thông tin	portal	0	0	0
công thức	formula	0	0	0
cống vật	tribute	0	0	0
cột	pillar	0	0	0
cột chống hai bên sườn tàu	stanchion	0	0	0
cốt lõi	core	0	0	0
cột sống	spinal	0	0	0
cốt yếu	crucial	0	0	0
cốt yếu	fundamentalism	0	0	0
cũ	antiquated	0	0	0
cứ bốn năm một lần	quadrennial	0	0	0
cú đấm	punch	0	0	0
cư dân	resident	0	0	0
củ hành	onion	0	0	0
cứ năm năm một lần	quinquennial	0	0	0
cú pháp	syntax	0	0	0
cứ sáu cái một	senary	0	0	0
cự thạch bi	megalith	0	0	0
cư trú	domicile	0	0	0
cư trú tại	reside	0	0	0
của bố thí	alms	0	0	0
của giống	varietal	0	0	0
cửa hàng	boutique	0	0	0
cửa hàng rượu vang	bodega	0	0	0
cửa hầu	glottis	0	0	0
của làm phước	largesse	0	0	0
cực	extreme	0	0	0
cực	polar	0	0	0
cung cấp	supply	0	0	0
cung cấp	provide	0	0	0
cung cấp lương thực	victual	0	0	0
cung cấp thêm	replenish	0	0	0
cùng một lúc	simultaneous	0	0	0
cung Song Ngư	Pisces	0	0	0
cùng tích	eutectoid	0	0	0
cuộc ẩu đả	fracas	0	0	0
cuộc bầu cử	election	0	0	0
cuộc đấu bò mộng	tauromachy	0	0	0
cuộc điều tra	inquest	0	0	0
cuộc động đất	seism	0	0	0
cuộc hội thoại	conversation	0	0	0
cuộc nói chuyện	interlocution	0	0	0
cuộc nổi loạn	rebellion	0	0	0
cuộc nổi loạn	insurrection	0	0	0
cuộc phiêu lưu	adventure	0	0	0
cuộc thi	competition	0	0	0
Cuộc thi	contest	0	0	0
cuộc xung đột	conflict	0	0	0
cuộc xung đột	fray	0	0	0
cuốn lại	convolute	0	0	0
cuốn tiểu thuyết	novel	0	0	0
cương cứng	erection	0	0	0
cưỡng dâm	ravish	0	0	0
cường độ	intensity	0	0	0
cuống họng	oesophagus	0	0	0
cương quyết	adamantine	0	0	0
cuống thì / rhachis	rachis/rhachis	0	0	0
cướp bóc	depredate	0	0	0
cướp bóc	predatory	0	0	0
cứt	excrement	0	0	0
cựu chiến binh	veteran	0	0	0
cứu hộ	salvage	0	0	0
Đà	momentum	0	0	0
đã củ	obsolescence	0	0	0
đa dạng	variety	0	0	0
đa dạng hóa	diversify	0	0	0
đa dạng sinh học	biodiversity	0	0	0
dạ dày	gastric	0	0	0
đa giác	polygon	0	0	0
đá granit	granite	0	0	0
đa hình	polymorphic	0	0	0
da liễu	dermatology	0	0	0
dã man	sanguinary	0	0	0
đa máy	multicamera	0	0	0
dạ múi khế	abomasum	0	0	0
đa năng	versatile	0	0	0
da ngoài	epidermis	0	0	0
đa ngôn ngữ	multilingual	0	0	0
đa nguyên	pluralist	0	0	0
đa nguyên tử	polyatomic	0	0	0
đa phương tiện	multimedia	0	0	0
dạ quang	noctilucent	0	0	0
đa số	majority	0	0	0
đa thần	polytheistic	0	0	0
đa thê	polygamist	0	0	0
đa thức	polynomial	0	0	0
đặc hữu	endemic	0	0	0
đặc lại	coagulate	0	0	0
đặc quyền	privilege	0	0	0
đặc quyền	prerogative	0	0	0
đặc tính	feature	0	0	0
đặc tính	attribute	0	0	0
đại biểu	delegate	0	0	0
đại đa số	supermajority	0	0	0
dai dẳng	refractory	0	0	0
đại dịch	pandemic	0	0	0
dài hạn	permanent	0	0	0
đài hoa chẻ đôi	bilabial	0	0	0
đài hoa,	calyx	0	0	0
đại kết	ecumenism	0	0	0
đại lộ	avenue	0	0	0
đại lượng	magnanimity	0	0	0
đại thần	magnate	0	0	0
đại thực bào	macrophage	0	0	0
đại úy hải quân	lieutenant	0	0	0
dặm	mile	0	0	0
đàm	phlegm	0	0	0
đâm	puncture	0	0	0
đảm bảo	secure	0	0	0
đàm luận	discourse	0	0	0
đám ma	mortuary	0	0	0
đám mây mù	nebulosity	0	0	0
đàm phán	parley	0	0	0
đâm qua bằng thương	transfix	0	0	0
dân chủ	democratic	0	0	0
dẫn chứng	cite	0	0	0
dẫn chứng	evidentiality	0	0	0
dẩn chứng	adduce	0	0	0
đạn đạo	ballistic	0	0	0
đần độn	moron	0	0	0
dân du mục	nomadic	0	0	0
đàn hồi	resilient	0	0	0
đàn ông	masculine	0	0	0
đàn organ	organ	0	0	0
dân quân	militia	0	0	0
dân số	population	0	0	0
dân số học	demography	0	0	0
dân sự	civil	0	0	0
dân tộc	ethnic	0	0	0
Đấng An Ủi	paraclete	0	0	0
đẳng áp	isobaric	0	0	0
đẳng cấp	caste	0	0	0
đẳng cấu	isomorphic	0	0	0
đáng chú ý	noticeable	0	0	0
đáng chú ý	prominent	0	0	0
đáng cười	risible	0	0	0
đáng ghét	obnoxious	0	0	0
đáng ghét	odious	0	0	0
đáng ghét	abominable	0	0	0
đáng ghi nhớ	memorable	0	0	0
dâng hiến	dedicate	0	0	0
dâng hiến	consecrate	0	0	0
đàng hoàng	decorum	0	0	0
đẳng hướng	isotropic	0	0	0
đáng khen ngợi	laudable	0	0	0
đáng kính	venerable	0	0	0
đảng phái	faction	0	0	0
đăng quang	coronation	0	0	0
đáng thèm muốn	enviable	0	0	0
đánh chặn	intercept	0	0	0
đánh lừa	circumvent	0	0	0
danh mục đầu tư	portfolio	0	0	0
danh nhân	notoriety	0	0	0
danh pháp	nomenclature	0	0	0
đanh thép	trenchant	0	0	0
danh tiếng	fame	0	0	0
đạo đức giả	hypocrisy	0	0	0
đập	pulsate	0	0	0
đáp lại	retort	0	0	0
đất bồi	alluvium	0	0	0
đặt chuyện	feign	0	0	0
đặt lên gối	repose	0	0	0
đất phân	humus	0	0	0
đầu cơ	speculate	0	0	0
đậu faba	faba bean	0	0	0
đầu hàng	capitulate	0	0	0
dấu mũ	circumflex	0	0	0
dấu ngoặc	accolade	0	0	0
đau nửa đầu	migraine	0	0	0
đầu thai	reincarnate	0	0	0
đau thân kinh toạ	sciatica	0	0	0
đau thương	dolorous	0	0	0
dầu xoa bóp	liniment	0	0	0
dây chằng	ligament	0	0	0
dây chữ thập	reticle	0	0	0
dạy đạo lý	indoctrinate	0	0	0
dây gáy	nuchal cord	0	0	0
đầy hơi nước	vaporous	0	0	0
đầy hơi trong bụng	flatulence	0	0	0
dây sống	notochord	0	0	0
dậy thì	pubescent	0	0	0
dể an ủi	placable	0	0	0
dể băng huyết	haemophilia	0	0	0
dể bảo	submissive	0	0	0
dể chịu	facile	0	0	0
để chồng lên vật nầy với vật khác	superimpose	0	0	0
để điều tra	remand	0	0	0
đe dọa	menace	0	0	0
đẻ khó	dystocia	0	0	0
dể làm	tractable	0	0	0
để luyện tội	purgatory	0	0	0
đệ ngũ nguyên tố	quintessence	0	0	0
Đệ Nhị Luật	Deuteronomy	0	0	0
dễ thấy	conspicuous	0	0	0
dể thương	affable	0	0	0
dể tin	credulous	0	0	0
đề xướng	propone	0	0	0
dẻo dai	supple	0	0	0
DeVore	devoré	0	0	0
dị	heterochromatin	0	0	0
di căn	metastatic	0	0	0
đi chơi	promenade	0	0	0
dị giác	allodynia	0	0	0
Dị giáo	heresy	0	0	0
dị giáo	heretic	0	0	0
dị giáo	heretical	0	0	0
dị hóa	catabolism	0	0	0
dị hợp tử	heterozygote	0	0	0
dị hợp tử	heterozygous	0	0	0
đi lạc	err	0	0	0
đi ra	egress	0	0	0
dị tật thừa ngón	polydactyly	0	0	0
đi thăm dò	reconnoitre	0	0	0
dị thường	anomaly	0	0	0
di truyền	hereditary	0	0	0
dị ứng	atopy	0	0	0
dĩa	paten	0	0	0
địa chấn	seismic	0	0	0
địa chấn học	seismology	0	0	0
địa chấn ký	seismograph	0	0	0
địa chủ	proprietor	0	0	0
địa nhiệt	geothermic	0	0	0
địa tâm	geocentric	0	0	0
địa vị người cấp dưới	juniority	0	0	0
dịch tiết	exudate	0	0	0
dịch vụ	service	0	0	0
điềm	augury	0	0	0
điểm cận địa	perigee	0	0	0
điềm tốt	auspice	0	0	0
điểm trong quỉ đạo	perihelion	0	0	0
điểm viễn nhật	aphelion	0	0	0
điềm xấu	portent	0	0	0
điên cuồng	frenetic	0	0	0
diển đàn	tribune	0	0	0
điện đồ tin	electrocardiogram	0	0	0
diện mạo	countenance	0	0	0
điện não	encephalogram	0	0	0
điện từ	solenoid	0	0	0
diệp lục tố	chlorophyll	0	0	0
diệt chủng	genocide	0	0	0
điều báo trước	premonition	0	0	0
điệu bổng	crescendo	0	0	0
điều chỉnh lại hồ sơ	impalement	0	0	0
điều đình	placate	0	0	0
điều hư không	figment	0	0	0
điều khoản	purview	0	0	0
điều kiện	proviso	0	0	0
điều kiện cần thiết	requisite	0	0	0
điều kiện tiên quyết	prerequisite	0	0	0
điểu loại học	ornithology	0	0	0
điều sĩ nhục	opprobrium	0	0	0
điều trị	therapeutic	0	0	0
điều trị bàn chân	podiatry	0	0	0
điều vụn vặt	minutiae	0	0	0
đỉnh cao	pinnacle	0	0	0
đình chỉ	suspend	0	0	0
dinh dưỡng	trophic	0	0	0
định giới hạn	circumscribe	0	0	0
định hình	fixation	0	0	0
định lý	theorem	0	0	0
định phần thiếu	ullage	0	0	0
dinh tể tướng	chancellery	0	0	0
định trước	prepense	0	0	0
đính với nhau	parietal	0	0	0
đồ ăn	sustenance	0	0	0
độ bền kéo	tensile	0	0	0
đo chiều sâu biển	bathymetry	0	0	0
đo địa chấn	seismometer	0	0	0
đồ gia vị	condiment	0	0	0
đo lường	metrology	0	0	0
độ mặn	salinity	0	0	0
đồ nữ trang	filigree	0	0	0
do phát thệ	votive	0	0	0
do thần kinh	neuropathic	0	0	0
đô thị hy lạp xưa	acropolis	0	0	0
đổ tội	impute	0	0	0
đồ vật trong nhà	chattel	0	0	0
đồ vỏ trang	panoply	0	0	0
đoạn ca	canto	0	0	0
đoạn chót	coda	0	0	0
đoạn kết	denouement	0	0	0
đoạn Thánh Kinh	pericope	0	0	0
đoạn thơ	stanza	0	0	0
đoán trước	previse	0	0	0
đoàn tùy tùng	retinue	0	0	0
đoạn văn	allocution	0	0	0
đoạt lấy	arrogate	0	0	0
độc quyền	proprietary	0	0	0
độc quyền mua	monopsony	0	0	0
độc quyền nhóm	oligopoly	0	0	0
đôi	dyad	0	0	0
đồi bại	depravity	0	0	0
đối chiếu	antithetic	0	0	0
dồi dào	exuberance	0	0	0
dồi dào	superabundant	0	0	0
đổi đi xa	relegate	0	0	0
đồi thị	thalamus	0	0	0
đối thoại tôn vinh	dialogue doxology	0	0	0
dội tiếng	sonority	0	0	0
đờm	sputum	0	0	0
đồn	fort	0	0	0
đơn biến	bivariate	0	0	0
đơn bội	haploid	0	0	0
đơn loài	monotypic	0	0	0
đơn nguyên tử	monatomic	0	0	0
dợn sóng	undulate	0	0	0
đơn vị trọng lượng	scruple	0	0	0
đơn vòng	monocyclic	0	0	0
động	kinetic	0	0	0
đồng bộ	synchronous	0	0	0
đồng bộ hóa	synchronize	0	0	0
đồng cảm	empathy	0	0	0
đồng chí	comrade	0	0	0
động cơ	motive	0	0	0
động cơ	motor	0	0	0
Đóng cọc	pile	0	0	0
đông dân	populous	0	0	0
đóng dấu	affix	0	0	0
đồng dinar	dinar	0	0	0
đồng hóa	anabolism	0	0	0
đồng hợp tử	homozygous	0	0	0
động kinh	epilepsy	0	0	0
động mạch cánh tay	brachial artery	0	0	0
đồng phân	isomer	0	0	0
đồng thời	contemporaneous	0	0	0
đồng tiền bằng bạc	denarius	0	0	0
đồng tình luyến ái	androgynous	0	0	0
động vật ăn cá	piscivore	0	0	0
động vật biến nhiệt	poikilotherm	0	0	0
động vật chân đốt	arthropod	0	0	0
động vật miệng thứ sinh	deuterostome	0	0	0
đốt lửa cháy	incendiary	0	0	0
dư	superfluous	0	0	0
dư	remanent	0	0	0
đủ	suffice	0	0	0
dữ dội	excruciating	0	0	0
du dương	canorous	0	0	0
dự phòng	contingency	0	0	0
dự tính	envisage	0	0	0
đùa giởn	gambol	0	0	0
đưa ra	propound	0	0	0
đùi	crural	0	0	0
đùi	femoral	0	0	0
dũng cảm	valiant	0	0	0
dụng cụ chỉnh hình	orthotic	0	0	0
dựng lên	erect	0	0	0
dùng mưu kế	maneuver	0	0	0
đụng nhau	impinge	0	0	0
đuổi	extrude	0	0	0
đuổi	evict	0	0	0
dưới đất	subterranean	0	0	0
đường cát tuyến	secant	0	0	0
đường cyc lo it	cycloid	0	0	0
đường đẳng nhiệt	isotherm	0	0	0
đường hình parabol	parabola	0	0	0
đường kính	diameter	0	0	0
đường nứt	fissure	0	0	0
đường răng cưa	serration	0	0	0
đường tinh	saccharin	0	0	0
duy trì chủ nghĩa	Gnostic	0	0	0
eluvi	eluvial	0	0	0
êm tai	dulcet	0	0	0
entender	entendre	0	0	0
ép	obtrude	0	0	0
ép buộc	duress	0	0	0
Etude	étude	0	0	0
evaporit	evaporite	0	0	0
fax	facsimile	0	0	0
gan dạ	intrepid	0	0	0
gần kề	contiguous	0	0	0
gắng sức	exert	0	0	0
gắng sức	exertion	0	0	0
gánh chịu	incur	0	0	0
gấp bốn	quadruplicate	0	0	0
gấu nước	tardigrade	0	0	0
gây cảm hứng	inspire	0	0	0
gây ra	engender	0	0	0
gây sự	perturb	0	0	0
gây thiệt	inflict	0	0	0
ghi lên	inscribe	0	0	0
già	patriarch	0	0	0
giả	presumption	0	0	0
giả	prosthetic	0	0	0
giả bộ	semblance	0	0	0
giá để kinh	lectern	0	0	0
giả dối	fallacious	0	0	0
giả dối	histrionic	0	0	0
giả dối	specious	0	0	0
giả dược	placebo	0	0	0
giả lập	emulator	0	0	0
giả lập	simulator	0	0	0
giả mạo	counterfeit	0	0	0
giả mạo	ostensible	0	0	0
giả mạo	rogue	0	0	0
gia súc	aver	0	0	0
già tám mươi tuổi	octogenarian	0	0	0
gia tội	penance	0	0	0
giác cân	isosceles	0	0	0
giác kê	goniometer	0	0	0
giác mô	cornea	0	0	0
giấc ngũ mê	sopor	0	0	0
giãi bày tâm sự	effusive	0	0	0
giai cấp nhà giàu	plutocracy	0	0	0
giải ngân	disburse	0	0	0
giải nghỉa	expound	0	0	0
giải tán	dismissal	0	0	0
giải tán	disperse	0	0	0
giam	detain	0	0	0
giam	detainment	0	0	0
giãm bớt	remissive	0	0	0
giãm bớt	palliative	0	0	0
giãm giá trị	derogation	0	0	0
giám khảo	invigilate	0	0	0
giảm phân	meiosis	0	0	0
giảm thị lực	amblyopia	0	0	0
giảm trương lực	hypotonic	0	0	0
giản ra	distent	0	0	0
giáo hội	ecclesiastical	0	0	0
Giáo Hội học	ecclesiology	0	0	0
Giáo hội Trưởng Lão	Presbyterianism	0	0	0
giáo khoa	didactic	0	0	0
giáo khu	parish	0	0	0
giao trách nhiệm	devolve	0	0	0
giao từ	gamete	0	0	0
giao tử	gametophyte	0	0	0
giao tử	gametogenesis	0	0	0
giấu giếm	covert	0	0	0
giấu giếm	surreptitious	0	0	0
gièm pha	denigrate	0	0	0
giốc	precipitous	0	0	0
giống cáo mỏ vịt	platypus	0	0	0
giọng cổ	guttural	0	0	0
giống hình cái liềm	falcate	0	0	0
giống hình cái răng	odontoid	0	0	0
giống hình con sâu	vermiform	0	0	0
giống hình người	anthropomorphic	0	0	0
giọng khàn	raucous	0	0	0
giống lòng bàn tay	palmate	0	0	0
giống như khỉ	simian	0	0	0
giử lại	detainee	0	0	0
giử lại	retentive	0	0	0
giữ nguyên	retainment	0	0	0
giun tròn	nematode	0	0	0
giúp đở	succor	0	0	0
góa chồng	matron	0	0	0
góa phụ	relict	0	0	0
gốc mũi	ethmoid	0	0	0
gợi cảm	evocative	0	0	0
gọi hồn	evocation	0	0	0
gợn sóng	undulation	0	0	0
Gửi lại remittitur	remittitur resubmit	0	0	0
gươm lưởi cong	falchion	0	0	0
gyrotropic gyrostatic	gyrostatic gyrotropic	0	0	0
hạ bì	dermis	0	0	0
hạ đường huyết	hypoglycaemia	0	0	0
Hà mã	hippopotamus	0	0	0
hạ sỉ	corporal	0	0	0
hài lòng	contentment	0	0	0
hải sâm	nudibranch	0	0	0
hai tròng	bifocal	0	0	0
hầm	catacomb	0	0	0
ham mê	pore	0	0	0
hàm nào nhô ra	prognathism	0	0	0
hạng học năm năm	quinquennium	0	0	0
hành động hài hước	jocularity	0	0	0
hành hạ	tyrannize	0	0	0
hành kinh	menstruation	0	0	0
hành lang ở nhà thờ	transept	0	0	0
hành lậu	contraband	0	0	0
hạnh nhân	almond	0	0	0
hạnh phúc	felicity	0	0	0
hảo tâm	benignant	0	0	0
hạt cải dầu	rapeseed	0	0	0
hậu chẫm	occiput	0	0	0
hay cải	pugnacious	0	0	0
hay khoa trương	grandiloquent	0	0	0
hay tin	credulity	0	0	0
hèn hạ	servile	0	0	0
hèn hạ	vile	0	0	0
hẹp	stenosis	0	0	0
hết lòng	devotional	0	0	0
hí kịch	mime	0	0	0
hí trường	amphitheatre	0	0	0
hiển linh	epiphany	0	0	0
hiện tượng	phenomenon	0	0	0
hiệp biến	covariation	0	0	0
hiếp dâm	defile	0	0	0
hiệp ước	pact	0	0	0
hiệu	insignia	0	0	0
hiểu biết	cognizant	0	0	0
Hiếu chiến	bellicose	0	0	0
hiếu đại	megalomania	0	0	0
hình ảnh của vật gì	simulacrum	0	0	0
hình bảy góc	heptagon	0	0	0
hình bốn gốc	tetragon	0	0	0
hình bốn mặt	tetrahedron	0	0	0
hình cái nêm	cuneiform	0	0	0
hình chữ nhật	rectangle	0	0	0
hình chữ nhựt	oblong	0	0	0
hình chụp	photo	0	0	0
hình cong	camber	0	0	0
hình cong lưởi liềm	falciform	0	0	0
hình dung từ	epithet	0	0	0
hình giống	conoid	0	0	0
hình khối mười hai mặt	dodecahedron	0	0	0
hình kỳ dị	anamorphosis	0	0	0
hình mười một góc	hendecagon	0	0	0
hình nhi thượng học	metaphysics	0	0	0
hình như lưởi kiếm	xiphoid	0	0	0
hình như thật	verisimilar	0	0	0
hình nộm	effigy	0	0	0
hình thoi	rhomb	0	0	0
hình thoi	rhombus	0	0	0
hình tượng	idolatry	0	0	0
ho gà	pertussis	0	0	0
hố mắt	fovea	0	0	0
hổ răng kiếm	smilodon	0	0	0
họ ruồi nhà	Muscidae	0	0	0
Hồ sơ	profile	0	0	0
họ thú răng sỏi	chalicothere	0	0	0
hoa cẩm chướng	carnation	0	0	0
hòa dịu	détente	0	0	0
hóa già	senescent	0	0	0
hòa giải	mediation	0	0	0
hóa ha lo gen	halite	0	0	0
hoá hướng	chemotaxis	0	0	0
hóa nước	liquefy	0	0	0
hòa thuận	concord	0	0	0
hoài nghi hoặc hoài nghi	skeptic or sceptic	0	0	0
hoàn hảo	impeccable	0	0	0
hoan hô	acclaim	0	0	0
hoãn lại	remit	0	0	0
hoản lại	procrastinate	0	0	0
hoang phí	prodigal	0	0	0
hoàng thể	luteal	0	0	0
hoàng yến	canary	0	0	0
học bổng	bursary	0	0	0
hốc hác	emaciate	0	0	0
hôi	malodorous	0	0	0
hơi chứa trong ruột	flatus	0	0	0
Hội chứng ống cổ tay	carpal tunnel syndrome	0	0	0
hội đàm	colloquy	0	0	0
hội đoàn	congregation	0	0	0
hội đồng quản trị	regent	0	0	0
hôi thúi	carrion	0	0	0
hồi tưởng	remembrance	0	0	0
hồi tưởng	reminisce	0	0	0
hơi xông lên	aural	0	0	0
hôn chế dị tộc	exogamy	0	0	0
hổn láo	contumely	0	0	0
hôn nhân	matrimony	0	0	0
hồng cầu	erythrocyte	0	0	0
hồng ngọc	carbuncle	0	0	0
hồng tích tằng	diluvium	0	0	0
hộp bằng kim loại	canister	0	0	0
hợp thời	apropos	0	0	0
hộp trà	caddie	0	0	0
hợp vệ sinh	salubrious	0	0	0
hợp xướng	quire	0	0	0
hormone luteinizing	luteinizing hormone	0	0	0
hư	miscreant	0	0	0
hung ác	ferocity	0	0	0
Hưng phấn	euphoria	0	0	0
hương	incense	0	0	0
hướng sáng	phototaxis	0	0	0
hướng tâm	centripetal	0	0	0
hương thơm	scent	0	0	0
hướng thượng	ascension	0	0	0
hút máu	hematophagy	0	0	0
hủy án	quash	0	0	0
huy chương học	heraldry	0	0	0
huyên náo	obstreperous	0	0	0
huyền thoại	mythic	0	0	0
huyết cầu tố	hemoglobin	0	0	0
huyết khối	thromboembolism	0	0	0
ít nói	taciturn	0	0	0
Kainozoi	Cenozoic	0	0	0
kẻ giết người	homicide	0	0	0
kẻ thắng cuộc	victor	0	0	0
kem đánh răng	dentifrice	0	0	0
kén hợp tử	oocyst	0	0	0
kéo dài tám năm	octennial	0	0	0
kết âm	phonotactics	0	0	0
kết tiết	nodule	0	0	0
khác nhau	disparate	0	0	0
khắc phục	rectify	0	0	0
khắc trên đá	lapidary	0	0	0
khai hoang	reclamation	0	0	0
khai quật	exhumation	0	0	0
khai vị	apéritif	0	0	0
khám bịnh bằng cách gỏ ngó tay vào ngực	percuss	0	0	0
khẩn cầu	implore	0	0	0
khánh thành	inauguration	0	0	0
khẩu độ	aperture	0	0	0
khe suối	ravine	0	0	0
khéo nói được tin cậy	ingratiate	0	0	0
khép lại	reunite	0	0	0
khép nép	subservient	0	0	0
khí nén	pneumatic	0	0	0
khí quản	trachea	0	0	0
khiển trách	admonish	0	0	0
khiển trách	remonstrate	0	0	0
khiển trách	reprehend	0	0	0
khiếp nhược	recreant	0	0	0
khiêu dâm	erotic	0	0	0
khiêu dâm	voluptuous	0	0	0
khiêu khích	provocateur	0	0	0
khiêu khích	provocation	0	0	0
kho	granary	0	0	0
kho	trove	0	0	0
khô	desiccation	0	0	0
khó chịu	malaise	0	0	0
khó chịu	pungent	0	0	0
khô da	xeroderma	0	0	0
khờ dại	fatuous	0	0	0
khờ dại	moronic	0	0	0
khổ giấy in gấp làm bốn	quarto	0	0	0
khó hiểu	abstruse	0	0	0
khô khan	arid	0	0	0
khổ kiếp	damnation	0	0	0
khô mắt	xerophthalmia	0	0	0
khó nắm bắt	elusive	0	0	0
khó nuốt	dysphagia	0	0	0
khoa mắt	ophthalmologic	0	0	0
khoa trương	magniloquent	0	0	0
khoa trương pháp	hyperbole	0	0	0
khoái lạc chủ nghĩa	hedonism	0	0	0
khoái trá	rapt	0	0	0
khoái trá	rapturous	0	0	0
khoan dung	clemency	0	0	0
khoan dung	leniency	0	0	0
khối sáu mặt	hexahedron	0	0	0
khôn ngoan	sagacious	0	0	0
khôn ngoan	prudent	0	0	0
không cảm động	inexorable	0	0	0
không cầm được	incontinent	0	0	0
không cân đối	discordant	0	0	0
không cẩn thận	imprudence	0	0	0
không chánh thống	unorthodox	0	0	0
không có sức lực	inanition	0	0	0
không đặt làm	countermand	0	0	0
không đồng ý	discontentment	0	0	0
không dự liệu	improvident	0	0	0
không đứng đắn	levity	0	0	0
không dùng nữa	obsolescent	0	0	0
không gây dị ứng	hypoallergenic	0	0	0
không hại	innocuous	0	0	0
không hoạt động	dormant	0	0	0
không hoạt động	supine	0	0	0
không hợp	repugnant	0	0	0
không hứa hẹn	noncommittal	0	0	0
không lâu	ephemeral	0	0	0
không lo trước	improvidence	0	0	0
không ngay thật	perfidious	0	0	0
không sequitur	non sequitur	0	0	0
không tán thành	disapprobation	0	0	0
không thể giữ được	incontinence	0	0	0
không thể nguôi	implacable	0	0	0
không thể nhận được	inadmissibility	0	0	0
không tín ngưỡng	infidel	0	0	0
không tưởng	utopia	0	0	0
không tương đương	incommensurate	0	0	0
không ưa	invidious	0	0	0
không vội vàng	tardy	0	0	0
khớp	arthrosis	0	0	0
khớp dạng thấp	rheumatoid	0	0	0
khuẩn học	mycology	0	0	0
khúc cầm nhạc	sonata	0	0	0
khúc dạo đầu	prelude	0	0	0
khúc nhạc thăng trầm	cantabile	0	0	0
khúc xạ	refract	0	0	0
khúm núm	obsequious	0	0	0
khứu giác	olfaction	0	0	0
kịch câm	pantomime	0	0	0
kích phát	percussive	0	0	0
kiến tạo	tectonic	0	0	0
kiêng	abstinence	0	0	0
kiểu hình	phenotype	0	0	0
kiêu ngạo	supercilious	0	0	0
kim lục thạch	chrysolite	0	0	0
Kim Ngưu	Taurus	0	0	0
kín đáo	reticent	0	0	0
kinh cầu đảo	orison	0	0	0
kinh cầu nguyện	litany	0	0	0
kính tiềm vọng	periscope	0	0	0
kỷ nguyên	epoch	0	0	0
kỷ vật	memorabilia	0	0	0
kỳ vọng	pretension	0	0	0
la liệt cú pháp	parataxis	0	0	0
lá mầm	cotyledon	0	0	0
lá xanh tươi	verdure	0	0	0
lạc đường	pervert	0	0	0
lạc quan	sanguine	0	0	0
làm bế tắc	occlusion	0	0	0
làm biếng	indolence	0	0	0
làm buồn ngũ	somniferous	0	0	0
làm chậm trể	retard	0	0	0
làm chán nản	disincentive	0	0	0
làm chán nản	daunt	0	0	0
làm cho điên	dement	0	0	0
làm cho màu sắc khác nhau	variegate	0	0	0
làm cho ngũ	soporific	0	0	0
làm cho nguôi	salve	0	0	0
làm cho nóng	calefactory	0	0	0
làm cho tiện lợi	propitiate	0	0	0
làm cho tinh tế	rarefy	0	0	0
làm chứng cho	corroborate	0	0	0
làm dấu	macron	0	0	0
làm đau đớn	afflict	0	0	0
làm đau thêm	exasperate	0	0	0
làm giảm	detract	0	0	0
làm hỏng	vitiate	0	0	0
làm hư được	fallible	0	0	0
làm ít đi	rase	0	0	0
làm kẹo	confection	0	0	0
làm khó chịu	obtrusive	0	0	0
làm lập tức	improvisation	0	0	0
làm lể	officiate	0	0	0
làm liên lụy	implicate	0	0	0
làm lơ	dissemble	0	0	0
làm mạnh thêm	fortify	0	0	0
làm mau khô	siccative	0	0	0
làm mê hoặc	enchantment	0	0	0
làm mờ	adumbrate	0	0	0
làm mồi	fascinate	0	0	0
làm mồi	prey	0	0	0
làm ngập	submerge	0	0	0
làm ngập	inundate	0	0	0
làm ngơ	pretermit	0	0	0
làm người nào nguôi	mollify	0	0	0
làm người sắp chết ngũ mê khỏi đau đớn	euthanasia	0	0	0
làm ói ra	emetic	0	0	0
làm phách	imperious	0	0	0
lạm phát	inflate	0	0	0
làm phiền	deuce	0	0	0
làm phiền	perplex	0	0	0
làm phồng lên	distention	0	0	0
làm rời ra	interspace	0	0	0
làm sai	confound	0	0	0
làm suy nhược	extenuate	0	0	0
làm thay người khác	vicarious	0	0	0
làm tổn hại	defamation	0	0	0
làm trầy da	excoriate	0	0	0
làm việc khó nhọc	lucubrate	0	0	0
làm xong	acquit	0	0	0
lang thang	errant	0	0	0
lảng tránh	elusory	0	0	0
lạnh buốt xương	frigid	0	0	0
lanh lẹ	vivacious	0	0	0
lành mạnh	sane	0	0	0
lãnh thổ	territory	0	0	0
lão khoa	geriatric	0	0	0
lặp đi lặp lại	iteration	0	0	0
lấp lánh	consternation	0	0	0
lật đổ	subvert	0	0	0
lạt lẽo	apathy	0	0	0
lạt lẻo	vapid	0	0	0
lâu đài	edifice	0	0	0
lạy	prostrate	0	0	0
lấy lại	retrieve	0	0	0
lấy một phần mười	decimate	0	0	0
lể cầu bông	rogation	0	0	0
lề đường	curb	0	0	0
lễ hội	carnival	0	0	0
lể rửa tội	ablution	0	0	0
lệ tự động	autotomy	0	0	0
lên	ascend	0	0	0
lên án	condemn	0	0	0
lên men	zymotic	0	0	0
lệnh	injunction	0	0	0
lệnh cấm	moratorium	0	0	0
lều	tent	0	0	0
li giải tế bào	cytolysis	0	0	0
lịch sự	genteel	0	0	0
liên	inter	0	0	0
liên bang	confederacy	0	0	0
liên hiệp	federate	0	0	0
liên hiệp tiếp từ	copula	0	0	0
liên kết	affiliation	0	0	0
liên lớp cá không hàm	Agnatha	0	0	0
liên tiếp	consecutive	0	0	0
liên tiếp	seriatim	0	0	0
liên tục	continuum	0	0	0
liên tục đồng bậc	equicontinuity	0	0	0
liên tục pháp	zeugma	0	0	0
liệt dạ dày	gastroparesis	0	0	0
liệt kê	enumerate	0	0	0
lính đánh thuê	mercenary	0	0	0
lỗ	foramen	0	0	0
lo âu	solicitous	0	0	0
lổ mũi	fistula	0	0	0
loài dực thủ long	pterodactyl	0	0	0
loài khuê thảo	diatom	0	0	0
loại màu	ferrous	0	0	0
loại ruồi thịt	sarcophagus	0	0	0
loại thập túc	decapod	0	0	0
loại voi lớn đã tuyệt chủng	mastodon	0	0	0
loạn sản	dysplasia	0	0	0
loãng xương	osteoporosis	0	0	0
lọc máu	dialysis	0	0	0
logo	logotype	0	0	0
lời an ủi	solace	0	0	0
lợi bất kỳ	perquisite	0	0	0
lời cầu xin	deprecation	0	0	0
lời chia buồn	condolence	0	0	0
lời chúc tụng	doxology	0	0	0
lời chưởi	invective	0	0	0
lời chưởi rủa	imprecation	0	0	0
lồi mắt	exophthalmos	0	0	0
lời nài nỉ	supplication	0	0	0
lối ngụy biện	fallacy	0	0	0
lối ngụy biện	sophism	0	0	0
lổi nhỏ	peccadillo	0	0	0
lời nói đầu	preamble	0	0	0
lời nói đầu	preface	0	0	0
lội nước	amphibious	0	0	0
lời rủa	malediction	0	0	0
lời thề	vow	0	0	0
lời thề trung thành	fealty	0	0	0
lời tiên tri	vaticination	0	0	0
lợi tức	revenue	0	0	0
lời văn giả bi cảm	bathos	0	0	0
lời vu khống	calumny	0	0	0
lòng can đảm	valor	0	0	0
lông cứng	seta	0	0	0
lòng hiếu thảo	piety	0	0	0
lộng lẫy	regal	0	0	0
lông mi	cilia	0	0	0
lòng nhân từ	benevolence	0	0	0
lòng sắt đá	obduracy	0	0	0
lòng tham lam	avarice	0	0	0
lòng thương hại	pity	0	0	0
lòng tin	credence	0	0	0
lòng tin chắc, sự kết án, phán quyết	conviction	0	0	0
lòng trung thành	fidelity	0	0	0
lớp chân mang	branchiopod	0	0	0
lớp da của động vật	integument	0	0	0
lớp da ngoài	cuticle	0	0	0
luận văn	memoir	0	0	0
luận văn	thesis	0	0	0
luật	statute	0	0	0
luật sư	advocacy	0	0	0
lực kéo	traction	0	0	0
lục lạp	chloroplast	0	0	0
lực lượng	force	0	0	0
lún xuống	subside	0	0	0
lung lay	vacillate	0	0	0
lược đồ	schematic	0	0	0
lưởi trai của mũ	visor	0	0	0
lưỡng bội	diploid	0	0	0
lưỡng cư	amphibian	0	0	0
lưỡng cực	dipole	0	0	0
lường gạt	delude	0	0	0
Lưỡng Hà	Mesopotamia	0	0	0
lưỡng hình	dimorphic	0	0	0
lưỡng lự	equipoise	0	0	0
lưởng lự	demur	0	0	0
lưỡng tính	androgyny	0	0	0
Lutit	lutite	0	0	0
lưu biến	rheology	0	0	0
luyện kim	metallurgy	0	0	0
ly giáo	schismatic	0	0	0
ly tâm	centrifugal	0	0	0
Ma Kết	Capricorn	0	0	0
ma sát	friction	0	0	0
Ma sát học	tribology	0	0	0
ma trận	matrix	0	0	0
ma vương	Lucifer	0	0	0
mặc định	default	0	0	0
mặc niệm	memento	0	0	0
mai táng	inhume	0	0	0
mái vòm	dome	0	0	0
mầm	blastema	0	0	0
mầm bệnh	pathogen	0	0	0
màng ngoài của tim	pericardium	0	0	0
màng trong tim	endocardium	0	0	0
mặt	visage	0	0	0
mặt dây chuyền	pendant	0	0	0
mất điều hòa	ataxia	0	0	0
mất lần	evanescent	0	0	0
mặt lưng	dorsum	0	0	0
mặt parabol	paraboloid	0	0	0
mất thiện cảm	estrange	0	0	0
mặt tiền	frontage	0	0	0
mất trí	dementia	0	0	0
mau	cursory	0	0	0
mau	presto	0	0	0
màu	coloration	0	0	0
màu hồng phơn phớt	incarnadine	0	0	0
màu nâu đậm	fuscous	0	0	0
màu rượu nho	vinous	0	0	0
mâu thuẫn hình dung pháp	oxymoron	0	0	0
màu vàng	aureate	0	0	0
máy biến điện trở	rheostat	0	0	0
máy cạo lông	epilator	0	0	0
máy con quay	gyroscope	0	0	0
máy đo đường đi	hodometer	0	0	0
máy đo tốc độ	tachometer	0	0	0
máy in stencil	mimeograph	0	0	0
máy ký phong	anemograph	0	0	0
máy nhịp	metronome	0	0	0
máy thấp độ kế	hygrometer	0	0	0
mềm	flaccid	0	0	0
Mesozoi	mesozoic	0	0	0
miễn	exemption	0	0	0
miền đất cát	erg	0	0	0
miếng	morsel	0	0	0
miệng	buccal	0	0	0
miệng bình	orifice	0	0	0
miệng máng xối	gargoyle	0	0	0
miệng núi lửa	caldera	0	0	0
mình thánh thể	ostensory	0	0	0
minh văn học	epigraphy	0	0	0
mixen	micelle	0	0	0
mồ	charnel	0	0	0
mộ bia	cenotaph	0	0	0
mổ bụng	eviscerate	0	0	0
mỏ chim	rostrum	0	0	0
mở đường cho tướng	gambit	0	0	0
mơ hồ	dubious	0	0	0
mơ màng	somnolent	0	0	0
mô phân sinh	meristem	0	0	0
mọc ở bùn	uliginous	0	0	0
mới bắt đầu	incipient	0	0	0
moi lên	exhume	0	0	0
mối quan hệ	nexus	0	0	0
mô-men xoắn	torque	0	0	0
một ngàn triệu triệu	quadrillion	0	0	0
một số ít	modicum	0	0	0
một thế đánh gươm	quart	0	0	0
mục sư	pastor	0	0	0
mùi hôi thúi	fetor	0	0	0
mừng quýnh	enrapture	0	0	0
mưu kế	artifice	0	0	0
mưu phản	conspire	0	0	0
nài ép	protrude	0	0	0
nài nỉ	supplicant	0	0	0
năm quyển đầu của cựu kim ước	Pentateuch	0	0	0
năm thứ vỏ ở hy lạp	pentathlon	0	0	0
nắn khớp xương	chiropractic	0	0	0
nang	cystic	0	0	0
nâng mũi	rhinoplasty	0	0	0
não trung gian	diencephalon	0	0	0
nắp mang	operculum	0	0	0
nấu ăn ngon	gastronomy	0	0	0
nảy mầm	germination	0	0	0
nếp cuộn	gyrus	0	0	0
ngăn chặn	interdiction	0	0	0
ngang	transverse	0	0	0
ngang nhau	equate	0	0	0
ngành nghiên cứu tuổi già	gerontology	0	0	0
ngạo mạn	impertinence	0	0	0
ngẫu hứng	improvisational	0	0	0
ngẫu nhiên	stochastic	0	0	0
ngẫu nhiên	contingent	0	0	0
ngây thơ	ingenuous	0	0	0
nghề làm vườn	horticulture	0	0	0
nghị lực	fortitude	0	0	0
nghĩa là	videlicet	0	0	0
nghịch	inimical	0	0	0
nghiên cứu về ngư loại học	ichthyology	0	0	0
nghiền thành bột	triturate	0	0	0
ngộ đạo	gnosis	0	0	0
ngờ vực	dubiety	0	0	0
ngoại bì	ectoderm	0	0	0
ngoại hải tuyến	epicycloid	0	0	0
ngoài hệ mặt trời	extrasolar	0	0	0
ngoại luân	epicycle	0	0	0
ngoại vi	periphery	0	0	0
ngoan cố	recalcitrant	0	0	0
ngoan cố	perverse	0	0	0
ngoan ngoãn	docile	0	0	0
ngọn cây	extremity	0	0	0
ngọt ngào	suave	0	0	0
ngũ độ	quint	0	0	0
ngu si	asinine	0	0	0
ngụ ý	trope	0	0	0
ngực	thoracic	0	0	0
ngực	thorax	0	0	0
ngục tối	dungeon	0	0	0
ngừng hoạt động	decommission	0	0	0
ngưng thở	apnoea	0	0	0
ngược	converse	0	0	0
ngược	inverse	0	0	0
ngược lại	vice versa	0	0	0
người bán	vendor	0	0	0
người bảo hộ	patron	0	0	0
người cầm đầu	chieftain	0	0	0
người chán đời	misanthrope	0	0	0
người chuyên may loại tơ mịn	sartor	0	0	0
người chuyên thầu đám táng	mortician	0	0	0
người có giọng cao và thanh	falsetto	0	0	0
người cỡi ngựa	equestrian	0	0	0
người đàn bà có nhiều chồng	polyandry	0	0	0
người đàn bà hát	coloratura	0	0	0
người dẩn đầu hát kinh trong giáo đường	precentor	0	0	0
người đê tiện	cad	0	0	0
người đề xướng	proponent	0	0	0
người đi lang thang	vagabond	0	0	0
người điều tra	inquisitor	0	0	0
người được tha tội	remittee	0	0	0
người gác cổng	janitor	0	0	0
người ghét đàn bà	misogynist	0	0	0
người hâm mộ	votary	0	0	0
người ham sách	bibliophile	0	0	0
người kế thừa	heir	0	0	0
người kêu la	squalor	0	0	0
người khiêu vũ	vis-à-vis	0	0	0
người lai da đen một phần tư	quadroon	0	0	0
người ngâm thơ	troubadour	0	0	0
người ngụy biện	sophist	0	0	0
người nhà quê	kern	0	0	0
người nham hiểm	nefarious	0	0	0
người nhận	recipient	0	0	0
người nịnh bợ	sycophant	0	0	0
người nói một mình	soliloquy	0	0	0
người ở ẩn	solitaire	0	0	0
người ở ngoại ô	suburbanite	0	0	0
người phát chẩn	almoner	0	0	0
người phi thường	prodigy	0	0	0
người quản lý	curator	0	0	0
người quản lý	superintendent	0	0	0
người quen	acquaintance	0	0	0
người sành	connoisseur	0	0	0
người tham dự	attendee	0	0	0
người thầu cung cấp	purveyor	0	0	0
người tình nguyện	Voluntaryism	0	0	0
người Trung gian	intermediary	0	0	0
người tự học	autodidact	0	0	0
người tuyệt vọng	desperado	0	0	0
người xưa	antediluvian	0	0	0
nguy hiểm	pernicious	0	0	0
nguyên bào sợi	fibroblast	0	0	0
nguyên phân	mitosis	0	0	0
nguyền rủa	anathematic	0	0	0
nguyên sinh	primeval	0	0	0
nguyên sinh động vật	protozoa	0	0	0
nguyên sinh vật	protoplasm	0	0	0
Nguyên tử	nuclear	0	0	0
nhà ái quốc	patriot	0	0	0
nha bào phòng	epigone	0	0	0
nha chu	periodontal	0	0	0
nhà của mục sư	manse	0	0	0
nhà độc tài	autocrat	0	0	0
nhà dưỡng bịnh	sanatorium	0	0	0
nhà dưỡng bịnh	sanitarium	0	0	0
nhà giáo	pedant	0	0	0
nha khoa học	odontology	0	0	0
nhà lập pháp	legislator	0	0	0
nhà máy	factory	0	0	0
nha phiến dùng chế thuốc dịu đau	laudanum	0	0	0
nhà quê	boor	0	0	0
nhà tài trợ	donor	0	0	0
nhà tù	penitentiary	0	0	0
nhà vệ sinh học	sanitarian	0	0	0
nhà xây tròn	rotunda	0	0	0
nhạc phổ theo bài thơ	cantata	0	0	0
nham thạch học	petrography	0	0	0
nhân	multiply	0	0	0
nhẵn	glabrous	0	0	0
nhãn khoa	ophthalmology	0	0	0
nhãn khoa y học	ophthalmologist	0	0	0
nhận lại	readmit	0	0	0
nhân tạo	factitious	0	0	0
nhận thấy	descry	0	0	0
nhân vật phản diện	villain	0	0	0
nhân viên khuân vác	porter	0	0	0
nhánh	clade	0	0	0
nhật hoa	corona	0	0	0
nhất trí	unanimous	0	0	0
nhầy	mucoid	0	0	0
nhét	intrude	0	0	0
nhét nhẹ	insinuate	0	0	0
nhiệm kỳ	prorogue	0	0	0
nhiệm kỳ	tenure	0	0	0
nhiếp hộ tuyến	prostate	0	0	0
nhiệt	calorific	0	0	0
nhiệt phân	pyrolysis	0	0	0
nhiệt tâm	fervent	0	0	0
nhiểu	crepe	0	0	0
nhiểu xạ	diffract	0	0	0
nhìn thấy rỏ	pellucid	0	0	0
nhịp tim chậm	bradycardia	0	0	0
nhịp tim nhanh	tachycardia	0	0	0
nhô ra	protrusive	0	0	0
nhóm	quintile	0	0	0
nhốt	impound	0	0	0
nhốt chim	seclude	0	0	0
nhu nhược	feckless	0	0	0
nhu nhược	emasculate	0	0	0
nhũ tương	emulsion	0	0	0
nhục dục	carnality	0	0	0
nhục nhã	infamy	0	0	0
nhục phụ	caruncle	0	0	0
nhung	velvet	0	0	0
nhường lại	cede	0	0	0
nhứt nguyên luận	monism	0	0	0
nhựt tâm	heliocentric	0	0	0
nhứt thần luận	monotheism	0	0	0
nhụy đực	stamen	0	0	0
niếu quản học	urology	0	0	0
nổ tung	implode	0	0	0
noãn bào	oocyte	0	0	0
noãn hoàng tố	lecithin	0	0	0
nơi ăn	refectory	0	0	0
nội bì	endoderm	0	0	0
nơi chống đối	antipodes	0	0	0
nơi cư trú	residence	0	0	0
nói dai	orate	0	0	0
nói dài lê thê	circumlocution	0	0	0
nơi đến	destination	0	0	0
nơi đua ngựa	hippodrome	0	0	0
nói khi ngủ	somniloquy	0	0	0
nói láo	mendacious	0	0	0
nói láo	prevaricate	0	0	0
nối liền lại nhau	catenary	0	0	0
nổi loạn	mutiny	0	0	0
nội mạc	endothelium	0	0	0
nội phôi nhũ	endosperm	0	0	0
nội soi khớp	arthroscopic	0	0	0
nói tầm phào	gammon	0	0	0
nội tạng	visceral	0	0	0
nồi to	cauldron	0	0	0
Nơi tôn nghiêm	sanctuary	0	0	0
nói về kinh nguyệt	menstrual	0	0	0
nói về phật giáo	archangel	0	0	0
nôn	emesis	0	0	0
nông học	agronomy	0	0	0
nóng nảy	petulant	0	0	0
nông thôn	rural	0	0	0
nữ sinh	sorority	0	0	0
nữ tính	femininity	0	0	0
nửa năm	semiannual	0	0	0
nước mũi	rheum	0	0	0
nuôi trồng hải sản	mariculture	0	0	0
nuôi trồng thủy sản	aquaculture	0	0	0
nuốt đau	odynophagia	0	0	0
ở giữa dấu ngoặc	parenthetic	0	0	0
ô nhục	ignominious	0	0	0
ở trong thành	intramural	0	0	0
ối	amnion	0	0	0
ối	amniotic	0	0	0
Oligocen	Oligocene	0	0	0
óng ánh	iridescent	0	0	0
ống chuyền nước	siphon	0	0	0
ống kính hiển vi	microcosm	0	0	0
ống sáo	flute	0	0	0
ống tiêm	syringe	0	0	0
ophiolit	ophiolite	0	0	0
Paleozoi	Paleozoic	0	0	0
phá	dilapidate	0	0	0
phà	ferry	0	0	0
phả hệ	genealogy	0	0	0
pha lê	geode	0	0	0
pha loãng	dilute	0	0	0
pha loãng	dilution	0	0	0
pha rượu	sophisticate	0	0	0
phá vỡ	disrupt	0	0	0
phác đồ điều trị	regimen	0	0	0
phác họa	delineate	0	0	0
phải chết	mortal	0	0	0
phái nhiệt	exothermic	0	0	0
phạm	commit	0	0	0
phạm đến quyền lợi	derogatory	0	0	0
phạm đến quyền lợi	derogate	0	0	0
phạm tội	offend	0	0	0
phạm vi	scope	0	0	0
phân	equinox	0	0	0
phấn	chalk	0	0	0
phần	fraction	0	0	0
phần	part	0	0	0
phần	portion	0	0	0
phần	section	0	0	0
phân bào giảm nhiễm	meiotic	0	0	0
phân biệt chủng tộc	segregation	0	0	0
phân bố các thần kinh	innervate	0	0	0
phân chia	disunite	0	0	0
phản đề	antithesis	0	0	0
phân đôi	dichotomous	0	0	0
phân giải	construe	0	0	0
phần giữa bàn chân	metatarsus	0	0	0
phần giữa của bàn tay	metacarpus	0	0	0
phân họ mèo	Felinae	0	0	0
phấn hoa	ambrosia	0	0	0
phấn hoa	anther	0	0	0
phần kết luận	epilogue	0	0	0
phần lá nhỏ	pinnule	0	0	0
phân ly	secede	0	0	0
phân ly	dissocial	0	0	0
phân ly	dissociation	0	0	0
phần mộ	grave	0	0	0
phần mộ	tumulus	0	0	0
phân nữa	moiety	0	0	0
phán quyết	verdict	0	0	0
phán quyết	adjudicate	0	0	0
phân rã	decay	0	0	0
phần thứ sáu hình tròn	sextant	0	0	0
phân tích	analytic	0	0	0
phần tiếp theo	sequel	0	0	0
Phanerozoi	phanerozoic	0	0	0
phẳng	planar	0	0	0
phẳng dọc	sagittal plane	0	0	0
Pháo đài	fortress	0	0	0
pháp luật	legislation	0	0	0
phát ban	rash	0	0	0
phát cáu	fume	0	0	0
phát đạt	prosper	0	0	0
phát xạ	emissivity	0	0	0
phê chuẩn	sanction	0	0	0
phê phán	diatribe	0	0	0
phế quản	bronchus	0	0	0
phế quyền	depose	0	0	0
phép chánh tả	orthography	0	0	0
phép cộng	summation	0	0	0
phép đếm	numeration	0	0	0
phép điểm danh	apostrophe	0	0	0
phép điệp âm	alliteration	0	0	0
phép đo sọ đầu	craniometry	0	0	0
phép hoán dụ	metonymy	0	0	0
phép khắc đồng bằng a cít	aquatint	0	0	0
phép lặp lại một ý với nhiều chữ khác	tautology	0	0	0
phép lịch sự	civility	0	0	0
phép lượng giác	trigonometry	0	0	0
phép nghiên cứu tên đất	toponymy	0	0	0
phép phân ngữ	tmesis	0	0	0
phép thay răng giả	prosthesis	0	0	0
phép tính	subtend	0	0	0
phép tốc ký	stenography	0	0	0
phỉ báng	traduce	0	0	0
phỉ báng	libel	0	0	0
phỉ báng	obloquy	0	0	0
phỉ báng	asperse	0	0	0
phỉ báng	vilify	0	0	0
phi hành gia	cosmonaut	0	0	0
phi lý	absurdity	0	0	0
phì nhiêu	fertile	0	0	0
phi thường	egregious	0	0	0
phi thường	anomalous	0	0	0
phi thường	prodigious	0	0	0
Phi thương mại	noncommercial	0	0	0
phích	thermos	0	0	0
phiền muộn	deject	0	0	0
phiếu tự đánh giá	rubric	0	0	0
phổ biến	dissemination	0	0	0
phổi	pulmonary	0	0	0
phôi châu	ovule	0	0	0
phơi khô	desiccate	0	0	0
phôi-doux	billet-doux	0	0	0
phòng	chamber	0	0	0
phong phú	exuberant	0	0	0
phong phú	abundance	0	0	0
phong phú	abundant	0	0	0
phòng tắm nắng	solarium	0	0	0
phòng thể dục	gymnasium	0	0	0
phòng thí nghiệm	laboratory	0	0	0
phóng thích	liberate	0	0	0
phóng thích	emancipate	0	0	0
phóng thích	manumit	0	0	0
phòng thủ	defend	0	0	0
phong thủy	geomancy	0	0	0
phong tín cơ	anemoscope	0	0	0
Phong trào Ngũ Tuần	pentecostalism	0	0	0
phong tục học	ethology	0	0	0
Phù / phù nề	edema/oedema	0	0	0
phụ âm kêu	sonant	0	0	0
phụ hệ	patrilocal	0	0	0
phụ lưu	tributary	0	0	0
phù mạch	angioedema	0	0	0
phù nề / phù nề	edematous/oedematous	0	0	0
phu nhân	dame	0	0	0
phụ nhân học	gynecology	0	0	0
phủ quyết	veto	0	0	0
phụ tá	adjutant	0	0	0
phụ thuộc	appurtenant	0	0	0
phục sinh	resurrection	0	0	0
phun trào	extrusive	0	0	0
phụng vụ	liturgy	0	0	0
phương bắc	arctic	0	0	0
plagiocla	plagioclase	0	0	0
playoff	postseason	0	0	0
Proterozoi	Proterozoic	0	0	0
psammit	psammite	0	0	0
quả quyết	avouch	0	0	0
quan coi quốc khố	quaestor	0	0	0
quân do thám	reconnoiter	0	0	0
quan hệ bà con	consanguinity	0	0	0
quấn quít	gravitate	0	0	0
quan sát	observe	0	0	0
quan sát bề trong	introspective	0	0	0
quan thị vệ	chamberlain	0	0	0
quán tính	inertia	0	0	0
quân vô lại	vermin	0	0	0
quần xã sinh vật	biome	0	0	0
quang điện	photoelectric	0	0	0
quanh co	tortuous	0	0	0
qui định	prescribe	0	0	0
quỉ quyệt	vulpine	0	0	0
quí tộc	aristocracy	0	0	0
quỷ đầu trâu	Minotaur	0	0	0
quyến rũ	seduce	0	0	0
quyền thế	dominion	0	0	0
quyền thống trị	domination	0	0	0
quyền thuật	pugilism	0	0	0
ra lịnh	enjoin	0	0	0
ra mồ hôi	perspire	0	0	0
rải rác	sparse	0	0	0
răng cấm	molar	0	0	0
răng cưa	incisor	0	0	0
rãnh	sulcus	0	0	0
rất chậm	largo	0	0	0
rất hăng hái	perfervid	0	0	0
rất nhiều	plethora	0	0	0
râu của loài bộ	palp	0	0	0
rây lọc	colander	0	0	0
riêng	peculiar	0	0	0
riêng	specific	0	0	0
rõ ràng	obvious	0	0	0
rỏ ràng	axiomatic	0	0	0
rỏ ràng	legible	0	0	0
rỏ ràng	palpable	0	0	0
rối loạn nhịp tim	arrhythmia	0	0	0
rời rạc	desultory	0	0	0
rốn	umbilical	0	0	0
rong kinh	menorrhagia	0	0	0
rộng lượng	magnanimous	0	0	0
rửa giải	elute	0	0	0
rửa giải	elution	0	0	0
rửa nhọt	abstergent	0	0	0
rữa vết thương	deterge	0	0	0
rước	procession	0	0	0
rườm rà	prolix	0	0	0
ruột thẳng	proctology	0	0	0
ruột thừa	appendectomy	0	0	0
ruột và dạ dày	gastroenterologist	0	0	0
sắc lịnh	edict	0	0	0
sắc tái	pallor	0	0	0
sắc thái	nuance	0	0	0
sai	erroneous	0	0	0
sai khiến được	dirigible	0	0	0
sán lá	trematode	0	0	0
sân thượng	terrace	0	0	0
sân trường học	quadrangle	0	0	0
sản xuất	produce	0	0	0
sáng suốt	lucid	0	0	0
sang trọng	lavish	0	0	0
sành	terracotta	0	0	0
sanh giống tốt	eugenics	0	0	0
sanh sản phân thể	fission	0	0	0
sao	stellar	0	0	0
sao băng	bolide	0	0	0
sao chép lại	scribe	0	0	0
sắp theo thứ tự	seriate	0	0	0
sắp xảy ra	imminent	0	0	0
sát khuẩn	germicide	0	0	0
sau	posterior	0	0	0
sau buổi trưa	postmeridian	0	0	0
sáu mươi	sexagesimal	0	0	0
sáu mươi tuổi	sexagenarian	0	0	0
sâu rộng	extensive	0	0	0
say đắm người nào	enchantress	0	0	0
say mê	infatuation	0	0	0
selen	selenium	0	0	0
se-thuê nhà	se-tenant	0	0	0
sĩ quan quân nhu	quartermaster	0	0	0
siêng năng	diligence	0	0	0
siêng năng	sedulous	0	0	0
siết lại	constrict	0	0	0
sin	sinusoidal	0	0	0
sinh	sentient	0	0	0
sinh cơ quan	organogenesis	0	0	0
sinh tinh	spermatogenesis	0	0	0
sinh vật đơn bào	protozoan	0	0	0
sinh viên của nhiều trường học	intercollegiate	0	0	0
sinh viên trường quân sự	cadet	0	0	0
số bị trừ	subtrahend	0	0	0
số chia được	quotient	0	0	0
sợ chổ vây kín	claustrophobia	0	0	0
số điện thoại	toll	0	0	0
số dư	surplus	0	0	0
số ít	singular	0	0	0
số ít nhứt	paucity	0	0	0
sở trường	forte	0	0	0
số tử vong	mortality	0	0	0
số vô tỉ	incommensurable	0	0	0
sốc phản vệ	anaphylaxis	0	0	0
sợi tơ	filament	0	0	0
sợi tổng hợp	synthetic	0	0	0
sợi trục	axon	0	0	0
soma	somatic	0	0	0
sơn lâm học	silviculture	0	0	0
sống lại	resurgent	0	0	0
song phương	bipartite	0	0	0
sốt sắng	fervid	0	0	0
sốt sắng	zealous	0	0	0
Souffle	soufflé	0	0	0
sự ám ảnh	obsession	0	0	0
sự ăn cướp	rapine	0	0	0
sự ăn năn	penitence	0	0	0
sự ăn năn	contrition	0	0	0
sự ân xá	amnesty	0	0	0
sự bắt chước	mimesis	0	0	0
sự bắt chước đùa	travesty	0	0	0
sự bất công	iniquity	0	0	0
sự bắt đầu	genesis	0	0	0
sự bất thường	caprice	0	0	0
sự bày tỏ	effusion	0	0	0
sự bày tỏ	avowal	0	0	0
sự biên địa chỉ	superscript	0	0	0
sự biến hình	metamorphosis	0	0	0
sự biết trước	precognition	0	0	0
sự bỏ	erasure	0	0	0
sự bỏ bớt	elision	0	0	0
sự bỏ đạo	apostasy	0	0	0
sự bội tín	perfidy	0	0	0
sự buôn bán tơ lụa	mercery	0	0	0
sự cải bướng	cavil	0	0	0
sự cải thiện	amelioration	0	0	0
sự cãm giác	sentience	0	0	0
sự cần mẩn	sedulity	0	0	0
sự cẩn thận	parsimony	0	0	0
sự căng thẳng	tensility	0	0	0
sự cao thượng	ennoblement	0	0	0
sự cắt cây	topiary	0	0	0
sự cắt đi	amputation	0	0	0
sự chạy vòng quanh	volte	0	0	0
sự chết	doom	0	0	0
sự chia hai	dichotomy	0	0	0
sự chia làm ba phần	trichotomy	0	0	0
sự chiếu cố	condescension	0	0	0
sự chiếu lại	reverberation	0	0	0
sự chồng lên nhau	superposition	0	0	0
sự chóng mặt	vertigo	0	0	0
sự có sức mạnh	virility	0	0	0
sự cung cấp lương thực	purveyance	0	0	0
sự cứu rỗi	salvation	0	0	0
sự đánh số trang	pagination	0	0	0
sự dao động	oscillation	0	0	0
sự đào ngũ	desertion	0	0	0
sự đặt cạnh nhau	juxtaposition	0	0	0
sự đau	malady	0	0	0
sự đau cơ mô	dystrophy	0	0	0
sự đầu thai	reincarnation	0	0	0
sự đẩy tới	propulsion	0	0	0
sự đề nghị	overture	0	0	0
sự đi vòng quanh	circumvolution	0	0	0
sự điều độ	moderation	0	0	0
sự độc quyền	monopoly	0	0	0
sự độc tính thụ thai	parthenogenesis	0	0	0
sự đổi mới	innovation	0	0	0
sự đồng thuận	consensus	0	0	0
sự đóng trại	encampment	0	0	0
sự đồng ý	fiat	0	0	0
sự đốt bằng sắt	cauterize	0	0	0
sự đứng đắn	rectitude	0	0	0
sự duy trì chủ nghĩa	gnosticism	0	0	0
sự ép kim loại	lamination	0	0	0
sự ghét kết hôn	misogamy	0	0	0
sứ giả	messenger	0	0	0
sự giả vờ	pretense	0	0	0
sự giải phóng	manumission	0	0	0
sự giải trí	entertainment	0	0	0
sự giam cầm	immurement	0	0	0
sự giao hợp	copulation	0	0	0
sự giựt mình	inquietude	0	0	0
sự hăng hái	fervor	0	0	0
sự hiểm ác	malignancy	0	0	0
sự hóa thành xương	ossification	0	0	0
sự hoang phí	prodigality	0	0	0
sự hồi hộp	palpitation	0	0	0
sự hôn mê	torpor	0	0	0
sự hợp vệ sinh	salubrity	0	0	0
sự kê khai điều khoản	capitulation	0	0	0
sự khám nhà	perquisition	0	0	0
sự khổ tâm	tribulation	0	0	0
sự khôn ngoan	prudence	0	0	0
sự không nhận	recantation	0	0	0
sự kiêng cử	abstention	0	0	0
sự kỳ thị	stigma	0	0	0
sự làm ác	malfeasance	0	0	0
sự làm tròn	acquittal	0	0	0
sự lập lại	repetition	0	0	0
sự lên men	zymosis	0	0	0
sự liên hệ	concatenation	0	0	0
sự lồi ra	protrusion	0	0	0
sự lúc lắc	vacillation	0	0	0
sự lưu đày	ostracism	0	0	0
sự ly giáo	schism	0	0	0
Sự mâu thuẫn	ambivalence	0	0	0
sự may vá	suture	0	0	0
sự minh mẫn	clairvoyance	0	0	0
sự ngâm thơ từng vế	scansion	0	0	0
sự ngây ngất	ecstasy	0	0	0
sự nghe bịnh	auscultation	0	0	0
sự nghiền	trituration	0	0	0
sự nhai lại	rumination	0	0	0
sự nhậm chức	investiture	0	0	0
sự nhăn nheo	corrugation	0	0	0
sự nhận thức	cognizance	0	0	0
sự nhớ lại	reminiscence	0	0	0
sự nổi loạn	sedition	0	0	0
sự nói nhiều	loquacity	0	0	0
sự phạm tội	sacrilege	0	0	0
sự phạt vạ	amercement	0	0	0
sự quá nhiều	profusion	0	0	0
sự quấn lại	convolution	0	0	0
sự quấy rầy	obtrusion	0	0	0
sự quên	pretermission	0	0	0
sự ra hiệu	semaphore	0	0	0
sự rửa lở	abstersion	0	0	0
sự rửa tội ở phái tin lành	anabaptist	0	0	0
sự run rẩy	tremor	0	0	0
sự rung chuyển	concussion	0	0	0
sự rung chuyển	trepidation	0	0	0
sự sai lầm	anachronism	0	0	0
sự sanh đẻ	procreation	0	0	0
sự sâu xa	profundity	0	0	0
sự say mê âm nhạc	philharmonic	0	0	0
sự sỉ nhục	ignominy	0	0	0
sự sờ mó	palpation	0	0	0
sự sưng lên	intumescence	0	0	0
sự sưng lên	tumefaction	0	0	0
sự suy đồi	declination	0	0	0
sự tái phạm	recidivism	0	0	0
sự tán dương	laudation	0	0	0
sự tăng	augmentation	0	0	0
sự tăng thêm	intension	0	0	0
sự tẩy	catharsis	0	0	0
sự tẩy	cathartic	0	0	0
sự tham tàn	rapacity	0	0	0
sự thành công	success	0	0	0
sự thay đổi đời sống	vicissitude	0	0	0
sự thèm thuồng	avidity	0	0	0
sự thỉnh nguyện	invocation	0	0	0
sự thô tục	cynicism	0	0	0
sự thở vào	insufflation	0	0	0
sự thỏa hiệp	entente	0	0	0
sự thông minh	sagacity	0	0	0
sự thù hận	rancor	0	0	0
sự thủ tiêu	cassation	0	0	0
sự thừa nhận	approbation	0	0	0
sự thức đêm	vigil	0	0	0
sự tiếp đải ân cần	suavity	0	0	0
sự tiết lộ	revelation	0	0	0
sự tiêu hóa	peptic	0	0	0
sự tiêu nhập	repercussion	0	0	0
sự tìm kiếm	quest	0	0	0
sự tỉnh táo	sanity	0	0	0
sự tôn kính	veneration	0	0	0
sự trả nợ	acquittance	0	0	0
sự trác táng	profligacy	0	0	0
sự trái với ý kiến	heterodoxy	0	0	0
sự tràn lan	suffusion	0	0	0
sự triệu tập	convocation	0	0	0
sự trừng phạt	retribution	0	0	0
sự từ chối khéo	subterfuge	0	0	0
sự tự tin	confidence	0	0	0
sự tưới nước	perfusion	0	0	0
sự tương đương	equivalence	0	0	0
sự tựu lại	agglutination	0	0	0
sự tuyên cáo	fulmination	0	0	0
sự ứ	stasis	0	0	0
sự uốn cong	curvature	0	0	0
sự uốn cong	flexion	0	0	0
sự uốn cong	inflection	0	0	0
sự vận động	locomotion	0	0	0
sự vận động	movement	0	0	0
sự vận tải	portage	0	0	0
sự vi phạm	infraction	0	0	0
sự vui vẻ	rapture	0	0	0
sự xác nhận	confirmation	0	0	0
sự xoắn lại	torsion	0	0	0
sự yên lặng	quiescence	0	0	0
sự yên lặng	quietude	0	0	0
sửa	emend	0	0	0
sức chịu đựng	stamina	0	0	0
sức mạnh tổng hợp	synergy	0	0	0
sức sống	vitality	0	0	0
sụn nhẫn	cricoid	0	0	0
sung	fig	0	0	0
sùng bái	cult	0	0	0
sùng đạo	pious	0	0	0
sùng đạo	devout	0	0	0
sưng lên	tumid	0	0	0
suy mòn	cachexia	0	0	0
suy nghĩ	ponder	0	0	0
suy nhược	attenuate	0	0	0
tạ	quintal	0	0	0
tác giả	author	0	0	0
tắc mạch	embolic	0	0	0
tách	disassociate	0	0	0
Tách	disassociation	0	0	0
tách ra, chia ra	separate	0	0	0
tách rời ra	dissociative	0	0	0
tài bắt chước	mimetic	0	0	0
tái chinh phục	reconquest	0	0	0
tái hiện	revisionary	0	0	0
tài hùng biện	eloquence	0	0	0
tái khẳng định	reassertion	0	0	0
tái nhập học	readmission	0	0	0
tái phạm	relapse	0	0	0
tài xế	chauffeur	0	0	0
tái xuất	recur	0	0	0
tạm	provisional	0	0	0
tam giác cạnh không đều	scalene triangle	0	0	0
tạm giam	detention	0	0	0
tâm lý	psyche	0	0	0
tắm rửa	lave	0	0	0
tấm thảm	tapis	0	0	0
tâm thần	mental	0	0	0
tâm thần	psychotropic	0	0	0
tâm thần phân liệt	schizophrenia	0	0	0
tạm thời	temporary	0	0	0
tạm thời	transient	0	0	0
tạm thời	transitory	0	0	0
tâm trạng vui tươi	jocundity	0	0	0
tân đảng viên	neophyte	0	0	0
tán gái	philander	0	0	0
tận tâm	conscientious	0	0	0
tàn tật	infirm	0	0	0
tán thành bột	pulverize	0	0	0
tận thế	apocalypse	0	0	0
tán thưởng	eulogy	0	0	0
tăng cường	intensification	0	0	0
tầng đối lưu	troposphere	0	0	0
tăng lên	accrete	0	0	0
tầng nhiệt	thermosphere	0	0	0
tăng thân nhiệt	hyperthermia	0	0	0
tăng thêm	accretion	0	0	0
tầng tỉnh khí	stratosphere	0	0	0
tăng ure huyết	azotemia	0	0	0
tánh ân cần	complaisant	0	0	0
tánh bồng bột	ebullient	0	0	0
tánh cách	genitive	0	0	0
tánh cứng đầu	pertinacity	0	0	0
tánh ghét đàn bà	misogyny	0	0	0
tánh ghét đời	misanthropy	0	0	0
tánh hay làm phước	beneficence	0	0	0
tánh hòa nhả	benignity	0	0	0
tánh thận trọng	reticence	0	0	0
tánh thờ ơ	nonchalance	0	0	0
tạo hóa	providence	0	0	0
tao nhã	comity	0	0	0
tạo tác	artifact	0	0	0
tập đoàn	corporation	0	0	0
tập họp	muster	0	0	0
tập tin	file	0	0	0
tật ăn cắp	kleptomania	0	0	0
tật hay nói dối	mendacity	0	0	0
tắt kinh	menopause	0	0	0
tật nhỏ đầu	microcephaly	0	0	0
tật riêng	idiosyncrasy	0	0	0
tàu ngầm	submarine	0	0	0
tẩy độc	fumigation	0	0	0
tẩy rửa	detergency	0	0	0
tẩy xóa	erase	0	0	0
tế bào chất	cytoplasm	0	0	0
tế bào hủy xương	osteoclast	0	0	0
tê mê	torpid	0	0	0
tế nhị	subtle	0	0	0
tên giả	pseudonym	0	0	0
tên lửa	missile	0	0	0
tha	excuse	0	0	0
tha	exculpate	0	0	0
tha	condone	0	0	0
tha	exonerate	0	0	0
tha phách	heterodyne	0	0	0
thác loạn	aberration	0	0	0
thác nước	cascade	0	0	0
thạch	petrology	0	0	0
thạch học	petrographic	0	0	0
thạch nhũ dưới	stalagmite	0	0	0
thạch nhũ trên	stalactite	0	0	0
thạch quyển	lithosphere	0	0	0
thái	ergonomics	0	0	0
Thái Bình Dương	Pacific Ocean	0	0	0
thai sản	maternity	0	0	0
thấm	repellent	0	0	0
tham ăn	voracious	0	0	0
thâm căn cố đế	inveterate	0	0	0
thăm dò	probe	0	0	0
tham dự	participate	0	0	0
tham gia	adhere	0	0	0
tham gia	join	0	0	0
tham gia	attend	0	0	0
tham khảo	refer	0	0	0
thảm khốc	catastrophic	0	0	0
tham lam	rapacious	0	0	0
tham lam	raptorial	0	0	0
tham mưu	advisory	0	0	0
thấm nhuần	instill	0	0	0
thấm qua	percolate	0	0	0
tham số	parameter	0	0	0
thảm thêu	tapestry	0	0	0
thâm thúy	profound	0	0	0
thám tử	emissary	0	0	0
thẩm vấn	interrogation	0	0	0
thấm vào	permeate	0	0	0
thấm vào	pervade	0	0	0
thăm viếng	visitation	0	0	0
tham vọng	avaricious	0	0	0
thân	incarnation	0	0	0
thận	renal	0	0	0
than antraxit	anthracite	0	0	0
thân binh	partisan	0	0	0
Thân cây	trunk	0	0	0
than chì	graphite	0	0	0
thân giao	conversant	0	0	0
thần giao cách cãm	telepathy	0	0	0
Thần hệ	theogony	0	0	0
thần hiển	theophany	0	0	0
thần hôn nhân	hymen	0	0	0
thần khổng lồ một mắt	cyclops	0	0	0
thần kinh	nerve	0	0	0
thần kinh	neural	0	0	0
thần kinh đệm	glial	0	0	0
thần kinh học	neurology	0	0	0
thần kinh học	neurologist	0	0	0
thần kinh viêm	neuritis	0	0	0
thần linh	spirit	0	0	0
thân mật	cordial	0	0	0
thân mật	colloquial	0	0	0
thân mềm	cephalopod	0	0	0
thân rễ	rhizome	0	0	0
thân thuộc	affinity	0	0	0
thắng	vanquish	0	0	0
tháng Giêng	January	0	0	0
thẳng mặt	frontal	0	0	0
thang máy	elevator	0	0	0
tháng mười một	November	0	0	0
tháng Tám	august	0	0	0
thẳng thắn	direct	0	0	0
thánh	saint	0	0	0
thành bầy	gregarious	0	0	0
thành công	succeed	0	0	0
thanh danh	kudos	0	0	0
thánh điện	chancel	0	0	0
thành hóa	sanctify	0	0	0
thánh kinh	scripture	0	0	0
thanh mạc	serosa	0	0	0
thành phần	component	0	0	0
thanh sắt nung đỏ	cautery	0	0	0
thành tâm	devotion	0	0	0
thành thật	probity	0	0	0
thành tích	achievement	0	0	0
thanh tra	inspect	0	0	0
thanh trừng	purge	0	0	0
thảo dược	herbal	0	0	0
thảo luận	discussion	0	0	0
thập giới	Decalogue	0	0	0
thấp hèn	ignoble	0	0	0
thấp khớp	rheumatic	0	0	0
thấp khớp	rheumatology	0	0	0
thập kỷ	decade	0	0	0
tháp môn ở ai cập	pylon	0	0	0
tháp tự	epenthetic	0	0	0
Thất bại	fail	0	0	0
thất học	illiterate	0	0	0
thất hứa	renege	0	0	0
thắt ống dẫn tinh	vasectomy	0	0	0
thật thà	candid	0	0	0
thật thà	veracious	0	0	0
thay đổi	fluctuate	0	0	0
thay thế	supersede	0	0	0
thay thế	substitute	0	0	0
thầy tu	monk	0	0	0
thế cân bằng	equilibrium	0	0	0
thể đĩa	apothecium	0	0	0
thể dục	gymnastics	0	0	0
thể dục mềm dẻo	calisthenics	0	0	0
thế hệ	generation	0	0	0
thể khoang	coelom	0	0	0
thể tháo gia	gy\mnast	0	0	0
thể vàng	corpus luteum	0	0	0
thêm	extra	0	0	0
thêm	append	0	0	0
thêm	plus	0	0	0
thèm ăn	appetite	0	0	0
thêm vào	intercalate	0	0	0
theo	conform	0	0	0
theo chiều dọc	vertical	0	0	0
theo điều kiện	provisory	0	0	0
theo đuổi	pursue	0	0	0
thhuộc về lảnh đạm	phlegmatic	0	0	0
thì đấy	voilà	0	0	0
thi kế	chronometer	0	0	0
thị thực	visa	0	0	0
thị trường	market	0	0	0
thị trưởng	mayor	0	0	0
thích hơn	prefer	0	0	0
thích hợp	apposite	0	0	0
thích hợp	appropriate	0	0	0
thích hợp	pertinent	0	0	0
thích khoái lạc	voluptuary	0	0	0
thiếc	stannous	0	0	0
thiên hà	galactic	0	0	0
thiên hướng	penchant	0	0	0
thiên niên kỷ	millennium	0	0	0
thiên phú	innate	0	0	0
Thiên tài	genius	0	0	0
thiên văn học	astronomy	0	0	0
thiết bị	appliance	0	0	0
thiết bị đầu cuối	terminal	0	0	0
thiết kế	design	0	0	0
thiếu não	anencephaly	0	0	0
thiêu ra tro	incineration	0	0	0
thiểu số	minority	0	0	0
thiểu số chánh trị	oligarchy	0	0	0
thiếu tự tin	diffident	0	0	0
thính giác	auditory	0	0	0
thính học	audiology	0	0	0
thính phòng	auditorium	0	0	0
Thịnh vượng	prosperous	0	0	0
thịt bò	beef	0	0	0
thịt heo	pork	0	0	0
thịt nai	venison	0	0	0
thịt phi lê	fillet	0	0	0
thơ	verse	0	0	0
thô bạo	dismissive	0	0	0
thơ bốn câu	quatrain	0	0	0
thơ chánh thức	missive	0	0	0
thợ hàn chì	plumber	0	0	0
thô lỗ	rude	0	0	0
thô lổ	asperity	0	0	0
thô sơ	rudimentary	0	0	0
thơ ý đại lợi từng đoạn	canzone	0	0	0
thỏa hiệp	compromise	0	0	0
thoái hóa	retrograde	0	0	0
thoái hóa đốt sống	spondylosis	0	0	0
thoáng qua	fugacious	0	0	0
thoi	orthorhombic	0	0	0
thời đại đồ đá cũ	Paleolithic era	0	0	0
thời gian	duration	0	0	0
thời gian	temporal	0	0	0
thôi miên	hypnosis	0	0	0
thôi miên	hypnotherapy	0	0	0
thôi miên	hypnotize	0	0	0
thói quen	habit	0	0	0
thời thơ ấu	infancy	0	0	0
thời trang	fashion	0	0	0
thơm	odorous	0	0	0
thông báo	inform	0	0	0
thông điệp	message	0	0	0
thống đốc	exarch	0	0	0
thống đốc	gubernatorial	0	0	0
thông đồng	collude	0	0	0
thông gió	ventilation	0	0	0
thống kê	statistic	0	0	0
thông minh	clairvoyant	0	0	0
thống nhất	uniformity	0	0	0
thống nhất	unity	0	0	0
thống nhất đất nước	reunification	0	0	0
thông qua	via	0	0	0
thông tin	credentials	0	0	0
thống trị	dominate	0	0	0
thống trị	reign	0	0	0
thông ước	commensurable	0	0	0
thóp	fontanelle	0	0	0
thử	attempt	0	0	0
thứ ba	tertiary	0	0	0
thủ công	artisan	0	0	0
thứ dã cầm	dulcimer	0	0	0
thủ đô	capital	0	0	0
thủ đô	metropolis	0	0	0
thụ động	passive	0	0	0
thù ghét	disgust	0	0	0
thư giãn	relaxation	0	0	0
thứ hai	second	0	0	0
thu hồi	revocation	0	0	0
thu hút	attract	0	0	0
thư ký	amanuensis	0	0	0
thú làm việc	gusto	0	0	0
thứ ngọc hồng bảo	spinel	0	0	0
thu nhiệt	endotherm	0	0	0
thu nhiệt	endothermic	0	0	0
thủ phạm	culprit	0	0	0
thụ phấn	pollination	0	0	0
thụ phấn nhờ gió	anemophily	0	0	0
thư pháp	calligraphy	0	0	0
thử thách	challenge	0	0	0
thủ thư	librarian	0	0	0
thụ tinh	insemination	0	0	0
thứ tự	ordinal	0	0	0
thử vai	audition	0	0	0
thú vật	animal	0	0	0
thử việc	probation	0	0	0
thư viện	library	0	0	0
thừa kế	heredity	0	0	0
thừa kế	inherit	0	0	0
thừa nhận	endorse	0	0	0
thừa nhận	admit	0	0	0
thuật cắt hạch	tonsillectomy	0	0	0
thuật chạm đá	glyptic	0	0	0
thuật đánh máy chữ	dactylology	0	0	0
thuật độn xác	taxidermy	0	0	0
thuật giải phẩu sinh thể	vivisection	0	0	0
Thuật ngữ	glossary	0	0	0
thuật ngữ	terminology	0	0	0
thuật sơn nhiều màu	polychrome	0	0	0
thuật xem tướng mạo	physiognomy	0	0	0
thực bào	phagocyte	0	0	0
thực bào	phagocytosis	0	0	0
thực bào	phagosome	0	0	0
thúc đẩy	impulse	0	0	0
thúc đẩy	impetus	0	0	0
thực dụng	utilitarian	0	0	0
thực quản	esophagitis	0	0	0
thực vật hạt kín	angiosperm	0	0	0
thực vật hạt trần	gymnosperm	0	0	0
thực vật khí hậu học	phenology	0	0	0
thực vật phù du	phytoplankton	0	0	0
thuê nhà	tenancy	0	0	0
thúi	fetid	0	0	0
thủng	perforation	0	0	0
thùng lường than	chaldron	0	0	0
thuốc an thần	sedative	0	0	0
thuộc bịnh hoa liểu	venereal	0	0	0
thuốc có tác dụng	neurotic	0	0	0
thuộc địa	colony	0	0	0
thuốc diệt cỏ	herbicide	0	0	0
thuốc ỉa	aperient	0	0	0
thuốc làm rụng lông	depilatory	0	0	0
thuốc màu	pigment	0	0	0
thuốc mê	narcotic	0	0	0
thuốc mửa	vomitory	0	0	0
thuốc nhuận tràng	laxative	0	0	0
thuộc phạm vi	cognizable	0	0	0
thuộc phép lục thập phân	sexennial	0	0	0
thuốc rượu	tincture	0	0	0
thuốc súc miệng	gargle	0	0	0
thước trắc vi	micrometer	0	0	0
thuốc trị bá bịnh	panacea	0	0	0
thuộc về	pertain	0	0	0
thuộc về bách nghệ	polytechnic	0	0	0
thuộc về bạo động	seditious	0	0	0
thuộc về bụng	ventral	0	0	0
thuộc về chiến tranh	belligerent	0	0	0
thuộc về chữ hoa	uncial	0	0	0
thuộc về cổ tiền học	numismatic	0	0	0
thuộc về cú pháp	syntactic	0	0	0
thuộc về da	cutaneous	0	0	0
thuộc về đầu	cephalic	0	0	0
thuộc về dê	caprine	0	0	0
thuộc về đời xưa	quondam	0	0	0
thuộc về đuôi	caudal	0	0	0
thuộc về giáo hội	ecclesiastic	0	0	0
thuộc về háng	sciatic	0	0	0
thuộc về hậu chẫm	occipital	0	0	0
thuộc về hồng thủy	diluvial	0	0	0
thuộc về huy chương	heraldic	0	0	0
thuộc về khoa học	scientific	0	0	0
thuộc về khuynh hướng	tendentious	0	0	0
thuộc về kiêng cử	abstinent	0	0	0
thuộc về loài gấu	ursine	0	0	0
thuộc về loài trừu	ovine	0	0	0
thuộc về lợn	porcine	0	0	0
thuộc về lý luận	theoretic	0	0	0
thuộc về mắt	ocular	0	0	0
thuộc về mắt	ophthalmic	0	0	0
thuộc về màu sắc	chromatic	0	0	0
thuộc về mẹ	maternal	0	0	0
thuộc về mùa xuân	vernal	0	0	0
thuộc về người điên	lunatic	0	0	0
Thuộc về người Mỹ gốc Panama	Pan-American	0	0	0
thuộc về nhiệt	caloric	0	0	0
thuộc về như môi	labial	0	0	0
thuộc về quí tộc	nobiliary	0	0	0
thuộc về sông	fluvial	0	0	0
thuộc về sư tử	leonine	0	0	0
thuộc về tân thạch khí thời đại	Neolithic	0	0	0
thuộc về tàn tích	vestigial	0	0	0
thuộc về thiên thể	sidereal	0	0	0
thuộc về thợ may	sartorial	0	0	0
thuộc về thuốc nhuộm	tinctorial	0	0	0
thuộc về thượng đế	supernal	0	0	0
thuộc về tiền bạc	pecuniary	0	0	0
thuộc về tinh túy	quintessential	0	0	0
thuộc về tôn giáo pháp đình	inquisitorial	0	0	0
thuộc về trái cảm lãm	olivary	0	0	0
thuộc về trí nhớ	mnemonic	0	0	0
thuộc về triết học	immanence	0	0	0
thuốc vẻ trộn keo	gouache	0	0	0
thuộc về tượng trưng	emblematic	0	0	0
thuộc về vô thần	atheistic	0	0	0
thuộc về vòi	tentacular	0	0	0
thuộc về vú	mammary	0	0	0
thuộc về xác thịt	carnal	0	0	0
thuộc về xương sườn	costal	0	0	0
thượng bì	epithelium	0	0	0
thường dân	civilian	0	0	0
thương hại	commiseration	0	0	0
thương hàn	typhoid	0	0	0
thường lệ	usual	0	0	0
thương mại	commerce	0	0	0
thương mại	commercial	0	0	0
thượng nghị sĩ	senator	0	0	0
thượng tâm	epicardium	0	0	0
thương thuyền	merchant	0	0	0
thương tổn tinh thần	traumatize	0	0	0
thủy canh	hydroponic	0	0	0
thủy hóa vật	hydrate	0	0	0
thủy lực	hydraulics	0	0	0
thủy phân	hydrolysis	0	0	0
thủy sản	aquatic	0	0	0
thủy tân	Eocene	0	0	0
thủy tinh thể	vitreous	0	0	0
thủy văn	hydrology	0	0	0
thuyền có ba từng chèo	trireme	0	0	0
thuyên giảm	remission	0	0	0
thuyết bất khả tri	agnostic	0	0	0
thuyết địa tâm	geocentrism	0	0	0
thuyết động lực	dynamism	0	0	0
thuyết hư vô	nihilism	0	0	0
thuyết khỏa thân	nudist	0	0	0
thuyết phục	persuasion	0	0	0
thuyết phục	convince	0	0	0
thuyết thần cũng giống người	anthropomorphism	0	0	0
thuyết vô thần	atheism	0	0	0
tỉ lệ	scale	0	0	0
tỉ trọng	density	0	0	0
tích cực	positive	0	0	0
tích lũy	accrue	0	0	0
tiêm chủng	vaccination	0	0	0
tiềm năng	potential	0	0	0
tiệm thuốc	pharmacy	0	0	0
tiền	levy	0	0	0
tiền ác tính	premalignant	0	0	0
tiến bộ, tiến trình	progress	0	0	0
tiền công của bác sĩ	honorarium	0	0	0
tiện dân	plebeian	0	0	0
tiên đề	premise	0	0	0
tiền đề	premiss	0	0	0
tiến độ	tempo	0	0	0
tiền gửi	deposit	0	0	0
tiến hành	proceed	0	0	0
tiển hành	valediction	0	0	0
tiền hôn nhân	prenuptial	0	0	0
tiện lợi	convenient	0	0	0
tiên lượng	prognosis	0	0	0
tiền phạt	forfeit	0	0	0
tiền tệ	currency	0	0	0
tiền thưởng	gratuity	0	0	0
tiên tri	vaticinate	0	0	0
tiếng Đức	German	0	0	0
tiếng nổ	explosion	0	0	0
tiếng ồn ào	tumult	0	0	0
tiếng trầm	barytone	0	0	0
tiếng trống đánh thức mỗi buổi sáng	reveille	0	0	0
tiếng xưa	archaism	0	0	0
tiếp đầu ngữ	prefix	0	0	0
tiếp hợp	enclitic	0	0	0
tiếp hợp	zygomycete	0	0	0
tiếp tế lương thực	commissariat	0	0	0
tiếp theo	subsequent	0	0	0
tiếp tục	continuation	0	0	0
tiếp tục	continue	0	0	0
tiếp tuyến	tangent	0	0	0
tiếp xúc	contact	0	0	0
tiết kiệm	provident	0	0	0
tiết lộ	divulge	0	0	0
tiêu	digest	0	0	0
tiểu ban	subcommittee	0	0	0
tiểu bang	state	0	0	0
tiêu biểu	typify	0	0	0
tiểu bộ khỉ mũi hẹp	catarrhine	0	0	0
tiêu chuẩn	criterion	0	0	0
tiêu cơ vân	rhabdomyolysis	0	0	0
tiêu cực	negative	0	0	0
tiêu điểm	focal	0	0	0
tiêu hao	attrition	0	0	0
Tiêu Hóa	gastroenterology	0	0	0
tiểu thiệt	epiglottis	0	0	0
tìm tòi	disquisition	0	0	0
tinh	seminal	0	0	0
tính	gender	0	0	0
tính	compute	0	0	0
tĩnh	static	0	0	0
tỉnh	province	0	0	0
tình anh em	fraternity	0	0	0
tình bạn thân thiết	camaraderie	0	0	0
tính bất tử	immortality	0	0	0
tính cách lạt lẻo	vapidity	0	0	0
tính cách rườm rà	verbosity	0	0	0
tính cách tầm thường	platitude	0	0	0
tính cân xứng	symmetry	0	0	0
tính cao thượng	nobility	0	0	0
tính chất giống nhau	congenial	0	0	0
tinh dịch	semen	0	0	0
tinh dịch	sperm	0	0	0
tính đúng	propriety	0	0	0
tính khoa trương	tumidity	0	0	0
tính lưu loát	fluidity	0	0	0
tính mờ	opacity	0	0	0
tính nhớt	viscosity	0	0	0
tính riêng biệt	idiosyncratic	0	0	0
tinh tế	exquisite	0	0	0
tinh thần bịnh học	psychiatry	0	0	0
tính thấu nhiệt	diathermancy	0	0	0
tình trạng cô đơn	solitude	0	0	0
tình trạng hổn loạn	anarchy	0	0	0
tình trạng lộn xộn	tumble	0	0	0
tình trạng mê man	narcosis	0	0	0
tình trạng nặng hơn	preponderance	0	0	0
tình trạng nhiều vợ hoặc chồng	polygamy	0	0	0
tình trạng quá nhiều	surfeit	0	0	0
tinh trùng	spermatozoon	0	0	0
tính ưu việt	primacy	0	0	0
tinh vân	nebula	0	0	0
tịnh xá	monastic	0	0	0
tính xả giao	sociability	0	0	0
tính xấc láo	insolence	0	0	0
tính xiên	obliquity	0	0	0
tính xúc biến	thixotropy	0	0	0
tố cáo	accuse	0	0	0
tổ chức	institution	0	0	0
tờ khai	declaration	0	0	0
to lớn	gargantuan	0	0	0
tổ tiên	primogenitor	0	0	0
toàn diện	holistic	0	0	0
toán qua tec non	quaternion	0	0	0
toán thập tiến	denary	0	0	0
toàn thể	plenary	0	0	0
toàn thể	ensemble	0	0	0
toàn trí	omniscient	0	0	0
tọc mạch	ferret	0	0	0
tối cao	sovereign	0	0	0
tối cấp	fulminant	0	0	0
tội gian dâm	fornication	0	0	0
tội giết vua	regicide	0	0	0
tối hậu thơ	ultimatum	0	0	0
tội loạn luân	incest	0	0	0
tối thượng	superlative	0	0	0
tới tôi	tome	0	0	0
tới tuổi dậy thì	nubile	0	0	0
tối ưu	optimum	0	0	0
tóm lại	recapitulate	0	0	0
tôn chỉ	credo	0	0	0
tôn sùng nhiều thần thánh	polytheism	0	0	0
tôn vinh	glorified	0	0	0
tông đồ	apostle	0	0	0
tống giam	incarcerate	0	0	0
tống giam	incarceration	0	0	0
tống giam	committal	0	0	0
tống tiền	extort	0	0	0
tống tiền	extortion	0	0	0
topo	topology	0	0	0
tột bực	consummate	0	0	0
tốt lành	auspicious	0	0	0
tốt nghiệp	graduate	0	0	0
trả lời	respond	0	0	0
trả phí tổn thế cho ai	defray	0	0	0
trắc địa	geodesy	0	0	0
trắc địa	geodetic	0	0	0
trác táng	profligate	0	0	0
trách mắng	objurgate	0	0	0
trái	contravene	0	0	0
trái phép	illicit	0	0	0
trái với lời thề	perjury	0	0	0
trái với ý kiến	heterodox	0	0	0
trái ý	displease	0	0	0
trăm năm	centenary	0	0	0
trầm ngâm	pensive	0	0	0
trầm tích	sediment	0	0	0
trầm tích	sedimentary	0	0	0
tràn dịch não	hydrocephalus	0	0	0
tràn khí màng phổi	pneumothorax	0	0	0
trạng thái ấm	tepidity	0	0	0
trạng thái có vẻ thật	verisimilitude	0	0	0
trạng thái giống nhau	similitude	0	0	0
trạng thái lão suy	senility	0	0	0
trạng thái miển tội	impunity	0	0	0
trạng thái mộng du	somnambulist	0	0	0
trạng thái no	satiety	0	0	0
trạng thái sưng lên	tumescence	0	0	0
trạng thái tê mê	stupor	0	0	0
trạng thái xanh	viridity	0	0	0
tràng vổ tay tán thành	plaudits	0	0	0
tranh chấp	dispute	0	0	0
tranh luận	contend	0	0	0
tránh né	fend	0	0	0
trao	confer	0	0	0
trát tòa	subpoena	0	0	0
trát tống giam	mittimus	0	0	0
trễ	hysteresis	0	0	0
trên cạn	terrestrial	0	0	0
trí người không thể biết tuyệt đối	agnosticism	0	0	0
tri thức	epistemic	0	0	0
trích yếu	epitome	0	0	0
triệt binh	deplete	0	0	0
triệu tập	convene	0	0	0
triệu tập	convoke	0	0	0
trình độ học vấn	literacy	0	0	0
trinh sát	reconnaissance	0	0	0
trinh tiết	chastity	0	0	0
trình tự	sequence	0	0	0
trở lại	revert	0	0	0
trở nên xấu thêm	pejorative	0	0	0
trơ tráo	pert	0	0	0
trộm	furtive	0	0	0
trốn tránh	fugitive	0	0	0
trốn tránh	elude	0	0	0
trong	limpid	0	0	0
trống	vacant	0	0	0
trống	vacuous	0	0	0
trong bảy ngày	septenary	0	0	0
trống không	inane	0	0	0
trong mờ	diaphanous	0	0	0
trông nom	superintend	0	0	0
trong nước	domestic	0	0	0
trong pha lê	hyaline	0	0	0
trong sạch	chaste	0	0	0
trong suốt	translucent	0	0	0
trọng tài	arbitration	0	0	0
trong tĩnh mạch	intravenous	0	0	0
trực tràng	rectum	0	0	0
Trung bì	mesoderm	0	0	0
trung biểu mô	mesothelium	0	0	0
trung đội	maniple	0	0	0
trùng lỗ	foraminifer	0	0	0
trung tâm khối lượng	barycentre	0	0	0
trung thành	staunch	0	0	0
trước ngực	pectoral	0	0	0
trước vần chót	penultimate	0	0	0
trưởng đoàn	protagonist	0	0	0
trướng lên	distend	0	0	0
trụy lạc	libertine	0	0	0
truy tố	prosecute	0	0	0
truyền	infusion	0	0	0
truyền	transfusion	0	0	0
truyền bá	disseminate	0	0	0
Truyền đạo	Ecclesiastes	0	0	0
truyền dạy	indoctrination	0	0	0
tứ	quartet	0	0	0
tứ bộ kịch	tetralogy	0	0	0
từ dạng sóng	undulatory	0	0	0
tứ giác	quadrilateral	0	0	0
từ hóa dư	remanence	0	0	0
từ hồi chuyển	gyromagnetic	0	0	0
tự tại triết học	immanent	0	0	0
từ thiện	eleemosynary	0	0	0
từ tượng thanh	onomatopoeia	0	0	0
tử vong học	thanatology	0	0	0
tua quăn	cirrus	0	0	0
tuần trai giới	Quadragesima	0	0	0
tuần trai giới	quadragesimal	0	0	0
tượng nhỏ	figurine	0	0	0
tuyến sinh dục	gonad	0	0	0
tuyên thệ	promissory	0	0	0
tuyến tính	linearity	0	0	0
tuyệt tự	heiress	0	0	0
ty thể	mitochondrion	0	0	0
u ác tính	melanoma	0	0	0
u ẩn	apocryphal	0	0	0
ung thư biểu mô	carcinoma	0	0	0
ương ngạnh	intransigent	0	0	0
ủy thác	fiduciary	0	0	0
vãi ra	intersperse	0	0	0
van	valve	0	0	0
vận động	kinesthetic	0	0	0
vặn lại	contort	0	0	0
văn thể	elocution	0	0	0
van xin	supplicate	0	0	0
vang dậy	plangent	0	0	0
vành tai	auricle	0	0	0
vành tai	tragus	0	0	0
vật chất hửu tình	corporeal	0	0	0
vật cố định	fixture	0	0	0
vật hoặch đắc	acquest	0	0	0
vật mọi người đều nhìn	cynosure	0	0	0
vật phân tán	detritus	0	0	0
vật phát ra	emissive	0	0	0
vật phụ thuộc	appurtenance	0	0	0
vật rất cứng	adamant	0	0	0
vật sáng chói	luminary	0	0	0
vảy	scute	0	0	0
vảy	squamous	0	0	0
vậy thì	ergo	0	0	0
vẻ	tinge	0	0	0
vẻ đẹp	pulchritude	0	0	0
về phận sự	appertain	0	0	0
vệ sinh	sanitary	0	0	0
vệ sinh môi trường	sanitation	0	0	0
vẻ yểu điệu	feline	0	0	0
Velvet	velour	0	0	0
vẹo cột sống	scoliosis	0	0	0
vết thương	lesion	0	0	0
vi thể	corpuscle	0	0	0
vị viêm	gastritis	0	0	0
viêm màng não	meningitis	0	0	0
viêm màng phổi	pleuritis	0	0	0
viêm thực quản	oesophagitis	0	0	0
viết thư dài cho cha mẹ	epistle	0	0	0
vô căn	idiopathic	0	0	0
vỏ cây	phloem	0	0	0
vỏ não	cortical	0	0	0
vô sinh	azoic	0	0	0
vô số	deluge	0	0	0
vỏ trái cây	pericarp	0	0	0
vô vị	pall	0	0	0
vô vị	insipid	0	0	0
vong ân	ingrate	0	0	0
vòng quanh	gyre	0	0	0
vua chuyên chế	potentate	0	0	0
vụn	detrital	0	0	0
vùng dưới đồi	hypothalamus	0	0	0
vùng nửa tối	penumbra	0	0	0
xà đầu long	plesiosaur	0	0	0
xin thôi làm	demit	0	0	0
xĩnh	subpar	0	0	0
xoắn	volvulus	0	0	0
xoay sở	contrive	0	0	0
xồm xoàm	hirsute	0	0	0
xông lên	emanate	0	0	0
xúc giác	tactile	0	0	0
Yến mạch cán nhỏ	granola